取得方式,午餐元
自備,50.3
自備,46.0
自備,72.2
自備,33.2
自備,48.8
自備,78.4
自備,63.0
自備,39.4
自備,54.3
自備,80.9
自備,56.2
自備,44.2
自備,53.7
自備,74.3
自備,73.0
自備,64.8
自備,68.4
自備,75.3
自備,70.0
自備,64.5
自備,46.1
自備,53.2
自備,49.0
自備,51.8
自備,67.3
自備,25.0
自備,50.2
自備,80.8
自備,73.8
自備,55.9
自備,72.7
自備,43.5
自備,65.9
自備,56.8
自備,63.9
自備,59.9
自備,82.9
自備,55.2
自備,35.4
自備,67.4
自備,65.2
自備,65.1
自備,64.0
自備,55.1
自備,39.5
自備,59.6
自備,84.1
自備,60.0
自備,33.3
自備,53.4
自備,65.6
自備,49.4
自備,74.1
自備,72.7
自備,67.2
自備,63.1
自備,89.7
自備,73.8
自備,78.6
自備,58.7
自備,79.3
自備,80.2
自備,73.6
自備,74.8
自備,66.0
自備,82.1
自備,52.7
自備,73.1
自備,46.6
自備,63.9
自備,47.3
自備,72.4
自備,44.4
自備,49.9
自備,61.7
自備,51.0
自備,72.0
自備,58.8
自備,66.0
自備,61.7
自備,84.2
自備,72.8
自備,88.5
自備,67.6
自備,50.1
自備,62.5
自備,88.1
自備,78.5
自備,75.3
自備,58.7
外食,93.5
外食,110.7
外食,162.9
外食,157.4
外食,135.3
外食,129.1
外食,101.1
外食,112.5
外食,121.0
外食,84.7
外食,154.5
外食,122.2
外食,162.3
外食,101.3
外食,109.1
外食,91.4
外食,115.6
外食,94.6
外食,96.7
外食,95.7
外食,119.9
外食,110.0
外食,57.0
外食,124.3
外食,100.0
外食,130.6
外食,110.2
外食,114.4
外食,104.3
外食,154.7
外食,89.4
外食,150.9
外食,84.4
外食,111.3
外食,141.8
外食,115.3
外食,125.2
外食,136.5
外食,140.1
外食,117.6
外食,75.6
外食,151.9
外食,96.6
外食,71.1
外食,153.9
外食,106.4
外食,104.7
外食,120.0
外食,133.3
外食,132.8
外食,109.9
外食,109.8
外食,126.2
外食,101.0
外食,104.2
外食,97.7
外食,118.6
外食,91.4
外食,103.2
外食,110.1
外食,123.9
外食,109.1
外食,87.3
外食,134.9
外食,128.8
外食,126.5
外食,106.2
外食,81.9
外食,112.4
外食,134.8
外食,132.6
外食,105.6
外食,122.1
外食,114.3
外食,94.4
外食,128.7
外食,112.8
外食,59.7
外食,113.0
外食,105.8
外食,107.5
外食,100.1
外食,87.4
外食,98.6
外食,152.6
外食,109.6
外食,121.8
外食,159.8
外食,97.6
外食,99.3
外食,103.3
外食,89.9
外食,154.0
外食,165.4
外食,91.4
外食,113.9
外食,142.1
外食,137.6
外食,162.1
外食,105.9
外食,60.4
外食,88.0
外食,122.6
外食,108.0
外食,129.1
外食,133.9
外食,132.0
外食,84.3
外食,132.4
外食,109.0
外食,148.2
外食,105.4
外食,131.1
外食,99.9
外食,104.2
外食,133.7
外食,153.4
外食,118.4
外食,90.7
外食,131.6
外食,130.2
外食,89.7
外食,121.0
外食,101.5
外食,118.4
外食,128.6
外食,99.2
外食,90.2
外食,106.4
外食,116.8
外食,119.4
外食,95.4
外食,105.1
外食,113.2
外食,127.1
外食,77.6
外食,111.4
外食,134.1
外食,83.2
外食,103.3
外食,140.6
外食,107.4
外食,100.4
外食,103.4
外食,126.1
外食,88.2
外食,98.2
外食,112.5
外食,119.1
外食,136.8
