時段,等候分鐘
平日,0.5
平日,10.1
平日,8.0
平日,6.1
平日,4.8
平日,6.1
平日,6.7
平日,4.6
平日,6.4
平日,0.5
平日,8.9
平日,5.3
平日,3.6
平日,5.5
平日,9.9
平日,5.5
平日,2.5
平日,5.8
平日,5.2
平日,4.9
平日,6.3
平日,1.9
平日,3.8
平日,5.0
平日,5.3
平日,5.9
平日,6.1
平日,6.5
平日,8.6
平日,7.0
平日,4.8
平日,1.5
平日,9.2
平日,5.6
平日,7.2
平日,9.8
平日,4.9
平日,6.3
平日,2.6
平日,5.9
平日,7.9
平日,3.3
平日,4.4
平日,4.7
平日,6.3
平日,3.8
平日,8.9
平日,5.0
平日,5.7
平日,6.6
平日,8.0
平日,4.4
平日,8.3
平日,5.1
平日,5.9
平日,8.0
平日,4.5
平日,5.9
平日,6.6
平日,5.8
平日,4.6
平日,9.3
平日,10.1
平日,5.0
平日,5.3
平日,6.5
平日,7.2
平日,4.6
平日,8.5
平日,7.1
平日,5.5
平日,7.3
平日,2.7
平日,3.3
平日,2.3
平日,8.5
平日,6.8
平日,7.6
平日,4.5
平日,4.1
假日,13.6
假日,13.7
假日,16.6
假日,14.6
假日,10.0
假日,11.7
假日,11.5
假日,15.1
假日,7.0
假日,12.6
假日,10.4
假日,11.2
假日,9.8
假日,7.9
假日,10.0
假日,6.4
假日,5.7
假日,11.7
假日,13.4
假日,14.4
假日,13.7
假日,12.5
假日,10.8
假日,11.4
假日,11.0
假日,10.0
假日,10.2
假日,7.4
假日,9.6
假日,10.2
假日,9.4
假日,7.9
假日,11.7
假日,10.3
假日,5.6
假日,11.2
假日,13.9
假日,12.7
假日,10.1
假日,8.2
假日,7.1
假日,8.6
假日,14.3
假日,6.5
假日,8.7
假日,15.2
假日,8.0
假日,5.4
假日,6.4
假日,7.8
假日,12.9
假日,19.6
假日,14.8
假日,8.4
假日,13.7
假日,11.9
假日,14.6
假日,8.2
假日,8.7
假日,8.0
假日,13.7
假日,13.0
假日,11.8
假日,11.4
假日,11.4
假日,13.7
假日,13.4
假日,9.4
假日,8.4
假日,11.7
假日,11.5
假日,13.6
假日,11.1
假日,13.0
假日,9.8
假日,8.7
假日,12.6
假日,7.9
假日,10.1
假日,16.8
假日,7.7
假日,13.0
假日,11.6
假日,7.8
假日,4.2
假日,11.5
假日,3.5
假日,12.6
假日,10.2
假日,9.2
假日,9.6
假日,12.2
假日,12.7
假日,8.4
假日,7.0
假日,11.7
假日,6.0
假日,11.1
假日,8.3
假日,11.2
假日,7.7
假日,12.0
假日,10.3
假日,10.4
假日,16.1
假日,8.9
假日,9.2
假日,7.9
假日,10.3
假日,13.5
假日,14.2
假日,9.3
假日,14.1
假日,8.4
假日,6.5
假日,8.0
假日,7.8
假日,11.9
假日,11.3
假日,15.1
