店家,等候分鐘
巷口店,7.4
巷口店,9.5
巷口店,11.7
巷口店,2.9
巷口店,8.4
巷口店,8.4
巷口店,8.3
巷口店,5.6
巷口店,10.5
巷口店,9.1
巷口店,5.1
巷口店,10.4
巷口店,9.0
巷口店,8.6
巷口店,5.8
巷口店,8.0
巷口店,13.9
巷口店,6.1
巷口店,7.1
巷口店,8.2
巷口店,13.2
巷口店,10.1
巷口店,9.0
巷口店,6.9
巷口店,8.4
巷口店,7.2
巷口店,10.5
巷口店,8.4
巷口店,7.2
巷口店,6.6
巷口店,4.5
巷口店,9.0
巷口店,3.3
巷口店,7.1
巷口店,3.5
巷口店,6.1
巷口店,9.0
巷口店,8.7
巷口店,6.3
巷口店,8.0
巷口店,7.4
巷口店,7.5
巷口店,11.7
巷口店,7.0
巷口店,5.8
巷口店,11.7
巷口店,3.6
巷口店,10.5
巷口店,7.4
巷口店,6.7
巷口店,12.2
巷口店,9.5
巷口店,6.6
巷口店,9.7
巷口店,10.3
巷口店,11.7
巷口店,5.9
巷口店,5.8
巷口店,6.8
巷口店,6.7
巷口店,7.3
巷口店,6.0
巷口店,7.2
巷口店,7.2
巷口店,10.0
巷口店,12.1
巷口店,12.9
巷口店,12.3
巷口店,6.2
巷口店,2.2
巷口店,5.8
巷口店,8.4
巷口店,8.8
巷口店,10.6
巷口店,8.1
巷口店,7.6
巷口店,9.4
巷口店,4.4
巷口店,5.3
巷口店,5.8
巷口店,7.5
巷口店,10.2
巷口店,3.6
巷口店,9.0
巷口店,9.4
巷口店,10.0
巷口店,3.8
巷口店,10.1
巷口店,7.4
巷口店,10.2
巷口店,9.0
巷口店,8.9
巷口店,6.1
巷口店,9.2
巷口店,7.5
巷口店,3.7
巷口店,8.9
巷口店,11.5
巷口店,6.2
巷口店,9.6
巷口店,8.9
巷口店,9.2
巷口店,3.7
巷口店,10.4
巷口店,9.1
巷口店,10.5
巷口店,4.3
巷口店,5.8
巷口店,9.3
巷口店,7.0
巷口店,10.9
巷口店,5.2
巷口店,7.7
巷口店,5.1
巷口店,9.6
巷口店,6.1
巷口店,10.6
巷口店,9.6
巷口店,5.8
巷口店,10.1
車站店,3.8
車站店,10.6
車站店,6.1
車站店,5.1
車站店,11.2
車站店,14.3
車站店,15.0
車站店,12.2
車站店,8.4
車站店,7.1
車站店,11.3
車站店,15.8
車站店,8.6
車站店,12.0
車站店,13.3
車站店,8.5
車站店,5.1
車站店,18.9
車站店,6.9
車站店,11.9
車站店,4.1
車站店,4.8
車站店,7.9
車站店,10.8
車站店,11.3
車站店,7.9
車站店,10.1
車站店,8.4
車站店,19.9
車站店,11.0
車站店,12.3
車站店,10.4
車站店,8.7
車站店,9.2
車站店,2.7
車站店,11.9
車站店,16.4
車站店,14.6
車站店,13.1
車站店,9.6
