季節,每月用電度
春季,137.7
春季,145.8
春季,188.3
春季,212.0
春季,104.4
春季,176.8
春季,164.9
春季,124.2
春季,152.3
春季,130.4
春季,216.1
春季,131.3
春季,229.5
春季,112.4
春季,158.9
春季,183.8
春季,102.2
春季,162.3
春季,162.8
春季,113.2
春季,189.1
春季,152.1
春季,85.8
春季,207.1
春季,183.6
春季,178.7
春季,138.3
春季,107.7
春季,184.0
春季,173.3
春季,151.5
春季,103.0
春季,75.6
春季,132.3
春季,133.6
春季,128.9
春季,96.0
春季,126.8
春季,176.9
春季,131.8
春季,111.5
春季,198.6
春季,164.6
春季,164.3
春季,95.1
春季,120.4
春季,131.6
春季,205.2
春季,86.1
春季,164.6
春季,198.6
春季,200.8
春季,208.6
春季,86.2
春季,195.2
春季,194.7
春季,117.9
春季,202.8
春季,151.1
春季,190.5
夏季,410.0
夏季,394.3
夏季,313.6
夏季,259.2
夏季,353.9
夏季,293.1
夏季,265.2
夏季,356.8
夏季,250.2
夏季,179.3
夏季,323.1
夏季,201.5
夏季,172.0
夏季,251.1
夏季,176.5
夏季,256.9
夏季,118.8
夏季,375.8
夏季,345.4
夏季,366.2
夏季,208.7
夏季,160.1
夏季,291.8
夏季,320.4
夏季,264.2
夏季,273.6
夏季,353.4
夏季,300.5
夏季,298.1
夏季,346.3
夏季,233.3
夏季,343.9
夏季,403.9
夏季,182.8
夏季,236.7
夏季,395.1
夏季,389.6
夏季,97.4
夏季,284.9
夏季,398.7
夏季,403.4
夏季,235.4
夏季,379.3
夏季,247.3
夏季,220.7
夏季,351.4
夏季,334.4
夏季,272.8
夏季,500.0
夏季,273.2
夏季,203.6
夏季,361.4
夏季,271.3
夏季,385.4
夏季,193.8
夏季,395.8
夏季,269.6
夏季,277.2
夏季,170.1
夏季,328.7
