通勤方式,通勤分鐘
公車,37.1
公車,36.4
公車,55.3
公車,34.7
公車,55.8
公車,42.6
公車,35.5
公車,45.0
公車,48.0
公車,30.7
公車,53.4
公車,42.4
公車,16.8
公車,26.6
公車,58.7
公車,37.5
公車,37.9
公車,59.9
公車,41.9
公車,44.2
公車,46.2
公車,40.7
公車,46.1
公車,50.5
公車,42.0
公車,58.3
公車,42.1
公車,12.3
公車,43.3
公車,37.2
公車,34.9
公車,51.9
公車,39.7
公車,18.3
公車,35.3
公車,39.7
公車,36.1
公車,32.3
公車,42.0
公車,69.2
公車,63.6
公車,39.1
公車,27.0
公車,34.2
公車,31.4
公車,46.8
公車,33.9
公車,37.3
公車,32.9
公車,63.6
公車,56.7
公車,32.1
公車,42.1
公車,26.0
公車,41.5
公車,43.9
公車,48.5
公車,18.1
公車,18.0
公車,11.7
公車,21.2
公車,32.7
公車,50.3
公車,43.3
公車,34.5
公車,34.0
公車,34.2
公車,33.4
公車,17.5
公車,28.9
捷運,14.5
捷運,37.1
捷運,32.1
捷運,30.6
捷運,43.9
捷運,24.7
捷運,20.4
捷運,30.4
捷運,21.4
捷運,45.4
捷運,32.1
捷運,27.0
捷運,28.0
捷運,36.1
捷運,31.5
捷運,25.6
捷運,34.7
捷運,23.2
捷運,27.9
捷運,29.1
捷運,31.3
捷運,24.7
捷運,23.4
捷運,35.0
捷運,25.9
捷運,34.4
捷運,34.2
捷運,26.7
捷運,41.6
捷運,37.2
捷運,20.4
捷運,36.9
捷運,31.9
捷運,17.8
捷運,34.2
捷運,12.4
捷運,27.0
捷運,25.7
捷運,20.2
捷運,17.7
捷運,20.1
捷運,27.9
捷運,37.5
捷運,25.6
捷運,18.4
捷運,27.5
捷運,47.5
捷運,17.7
捷運,40.8
捷運,33.0
捷運,44.4
捷運,23.6
捷運,37.6
捷運,37.5
捷運,26.8
捷運,32.3
捷運,39.5
捷運,27.2
捷運,37.3
捷運,24.6
捷運,27.7
捷運,32.8
捷運,33.2
捷運,27.4
捷運,18.2
捷運,25.3
捷運,16.1
捷運,29.5
捷運,38.2
捷運,34.6
機車,25.2
機車,20.8
機車,14.8
機車,26.5
機車,21.2
機車,27.4
機車,13.9
機車,19.5
機車,31.9
機車,31.8
機車,21.5
機車,7.1
機車,51.1
機車,18.8
機車,26.4
機車,19.4
機車,24.4
機車,5.0
機車,38.8
機車,14.7
機車,44.1
機車,31.4
機車,28.8
機車,31.1
機車,29.5
機車,6.4
機車,25.4
機車,14.9
機車,31.1
機車,20.7
機車,17.8
機車,33.4
機車,29.6
機車,26.3
機車,28.6
機車,22.0
機車,13.2
機車,10.4
機車,25.7
機車,12.1
機車,33.6
機車,5.0
機車,16.9
機車,27.4
機車,24.6
機車,24.9
機車,14.9
機車,22.7
機車,5.0
機車,32.2
機車,30.6
機車,15.2
機車,17.2
機車,14.0
機車,19.6
機車,22.5
機車,18.0
機車,17.8
機車,21.7
機車,25.9
機車,32.8
機車,33.6
機車,24.2
機車,31.2
機車,20.5
機車,10.1
機車,32.6
機車,15.6
機車,19.3
機車,19.3
