紀錄編號,通勤分鐘
1,8.7
2,41.4
3,38.6
4,41.4
5,18.6
6,30.6
7,34.7
8,11.8
9,25.8
10,31.1
11,24.6
12,24.0
13,26.7
14,19.0
15,15.8
16,29.6
17,28.3
18,16.2
19,20.4
20,24.4
21,13.2
22,40.7
23,33.5
24,35.9
25,18.9
26,38.1
27,23.1
28,14.7
29,37.0
30,14.9
31,24.1
32,31.5
33,32.3
34,44.2
35,37.7
36,11.6
37,19.6
38,21.7
39,29.2
40,23.7
41,27.1
42,8.8
43,38.6
44,23.2
45,17.4
46,24.0
47,29.0
48,25.5
49,14.3
50,38.3
51,24.2
52,21.5
53,27.4
54,28.2
55,31.7
56,43.7
57,9.5
58,26.4
59,21.6
60,26.7
61,31.9
62,33.0
63,18.8
64,17.6
65,32.3
66,31.6
67,24.6
68,34.4
69,61.3
70,60.2
71,64.2
72,60.0
73,60.0
74,69.2
75,83.9
76,71.0
77,81.1
78,68.9
79,68.4
80,60.0
