sitename,county,aqi,pollutant,status,so2,co,o3,o3_8hr,pm10,pm2.5,no2,nox,no,wind_speed,wind_direc,publishtime,co_8hr,pm2.5_avg,pm10_avg,so2_avg,longitude,latitude,siteid
基隆,基隆市,42,,良好,1.5,0.27,37,23,26,6,5,6.4,0.6,0.6,85,"2026/09/09 23:00:00",0.3,8.7,25,1,121.760056,25.129168,1
汐止,新北市,48,,良好,1,0.32,13,22,36,10,20,22.6,1.6,0.4,65,"2026/09/09 23:00:00",0.3,10.9,25,1,121.64081,25.06624,2
新店,新北市,38,,良好,0.7,0.28,17,24,20,10,12,13.3,0.9,1.1,192,"2026/09/09 23:00:00",0.3,9.5,17,0,121.53778,24.977222,4
土城,新北市,37,,良好,1.3,0.27,32,33,22,8,9,9.3,0.2,0.8,163,"2026/09/09 23:00:00",0.2,8.8,22,,121.45186,24.982529,5
板橋,新北市,42,,良好,1.3,0.44,22,28,20,11,17,18.8,1.3,0.3,99,"2026/09/09 23:00:00",0.4,10.3,18,1,121.458664,25.012972,6
新莊,新北市,44,,良好,1.3,0.27,40,42,26,11,9,9.6,0.3,1.9,76,"2026/09/09 23:00:00",0.2,10.8,26,1,121.4325,25.037971,7
菜寮,新北市,38,,良好,0.7,0.33,36,38,26,10,11,12.5,0.8,2.1,111,"2026/09/09 23:00:00",0.3,9.5,22,0,121.481026,25.06895,8
林口,新北市,44,,良好,1.6,0.3,34,30,28,11,11,11.6,0,0.3,122,"2026/09/09 23:00:00",0.3,11,25,1,121.365486,25.07799,9
淡水,新北市,50,,良好,1.1,0.39,17,26,26,15,10,12.3,1.3,,,"2026/09/09 23:00:00",0.3,12.4,25,1,121.44924,25.1645,10
士林,臺北市,49,,良好,1.3,0.25,37,38,28,12,9,9.8,0.7,1.6,161,"2026/09/09 23:00:00",0.2,12.2,22,1,121.51666,25.10334,11
中山,臺北市,46,,良好,1,0.38,28,31,23,12,15,16.8,0.9,1,130,"2026/09/09 23:00:00",0.3,11.4,20,1,121.52653,25.06236,12
萬華,臺北市,43,,良好,0.9,0.34,31,32,21,8,16,17.1,0.5,1,104,"2026/09/09 23:00:00",0.3,10.7,21,1,121.50797,25.046503,13
古亭,臺北市,41,,良好,1,0.23,35,36,26,9,6,7.6,0.9,0.3,102,"2026/09/09 23:00:00",0.2,10.1,24,1,121.52956,25.020609,14
松山,臺北市,40,,良好,1,0.36,19,25,21,8,17,19.3,1.9,0.5,45,"2026/09/09 23:00:00",0.3,7.9,20,1,121.57861,25.05,15
大同,臺北市,58,細懸浮微粒,普通,1.4,1.07,15,15,35,18,28,44.7,15.9,-,-,"2026/09/09 23:00:00",1.2,14.9,33,1,121.51342,25.063314,16
桃園,桃園市,40,,良好,1.7,0.28,39,39,26,8,11,12.1,0.9,2.2,63,"2026/09/09 23:00:00",0.3,9.2,24,1,121.30501,24.99471,17
大園,桃園市,54,細懸浮微粒,普通,1.1,0.27,25,24,32,16,21,22.3,1.2,2,80,"2026/09/09 23:00:00",0.2,13.5,28,1,121.202515,25.061003,18
觀音,桃園市,53,細懸浮微粒,普通,4.8,0.26,27,31,33,15,23,25.3,1.5,4,84,"2026/09/09 23:00:00",0.2,13.2,28,2,121.08283,25.035568,19
平鎮,桃園市,42,,良好,1.7,0.24,43,43,32,10,6,7.5,0.7,3.4,94,"2026/09/09 23:00:00",0.2,7.7,25,1,121.20399,24.952785,20
龍潭,桃園市,42,,良好,0.8,0.19,45,45,22,10,5,5.3,0.1,4.1,59,"2026/09/09 23:00:00",0.2,10.5,19,0,121.21646,24.864,21
湖口,新竹縣,42,,良好,0.8,0.2,46,45,27,13,5,6,0.7,5.3,62,"2026/09/09 23:00:00",0.2,10.4,25,0,121.03887,24.900097,22
竹東,新竹縣,45,,良好,0.8,0.14,50,49,21,8,2,2.5,0,4.3,45,"2026/09/09 23:00:00",0.1,7.8,20,0,121.08896,24.740913,23
新竹,新竹市,44,,良好,1.6,0.18,49,48,22,12,4,5.1,0.7,3.5,43,"2026/09/09 23:00:00",0.2,9.4,21,1,120.97237,24.805635,24
頭份,苗栗縣,44,,良好,1.7,0.18,47,47,27,3,5,6.3,0.9,2.4,41,"2026/09/09 23:00:00",0.1,7.9,25,1,120.89869,24.696907,25
苗栗,苗栗縣,44,,良好,1.3,0.15,43,47,17,9,3,5,1.4,1.8,9,"2026/09/09 23:00:00",0.1,10.7,21,1,120.820114,24.564991,26
三義,苗栗縣,43,,良好,1.1,0.17,35,46,18,14,2,3,0.5,2.4,13,"2026/09/09 23:00:00",0.1,9.7,21,1,120.75957,24.382484,27
豐原,臺中市,43,,良好,0.9,0.2,33,46,17,11,3,4,0.2,1.3,100,"2026/09/09 23:00:00",0.1,9.2,21,0,120.74252,24.256998,28
沙鹿,臺中市,45,,良好,0.5,0.17,38,47,23,7,5,6.5,1,1.4,353,"2026/09/09 23:00:00",0.1,9.3,27,0,120.568794,24.225628,29
大里,臺中市,48,,良好,1.3,0.46,16,38,28,11,14,15.6,1.2,0.6,134,"2026/09/09 23:00:00",0.3,11.8,27,1,120.678444,24.099611,30
忠明,臺中市,39,,良好,1,0.33,23,42,14,9,12,14,1.4,0.8,307,"2026/09/09 23:00:00",0.2,8.8,19,1,120.64109,24.151958,31
西屯,臺中市,46,,良好,1.6,0.21,28,45,22,10,9,9.5,0.3,1.1,18,"2026/09/09 23:00:00",0.1,11.4,25,1,120.61692,24.162197,32
彰化,彰化縣,43,,良好,1.6,0.25,30,45,23,7,10,11.4,0.8,0.8,27,"2026/09/09 23:00:00",0.2,8.8,26,1,120.54152,24.066,33
線西,彰化縣,53,懸浮微粒,普通,0.6,0.16,40,43,19,10,4,5.2,0.5,2.7,41,"2026/09/09 23:00:00",0.3,10.5,33,2,120.46906,24.131672,34
二林,彰化縣,69,細懸浮微粒,普通,1.1,0.22,28,43,32,16,5,6.1,0.6,1.4,22,"2026/09/09 23:00:00",0.2,18.9,46,1,120.40965,23.925175,35
南投,南投縣,58,細懸浮微粒,普通,0.7,0.28,16,41,22,17,10,11.3,0.8,0.6,36,"2026/09/09 23:00:00",0.2,15,24,0,120.6853,23.913,36
斗六,雲林縣,54,細懸浮微粒,普通,1.8,0.28,33,55,34,16,9,9.8,0.7,0.8,194,"2026/09/09 23:00:00",0.2,13.5,33,1,120.54499,23.711853,37
崙背,雲林縣,55,懸浮微粒,普通,0.9,0.26,30,43,42,15,7,7.5,0,0.6,324,"2026/09/09 23:00:00",0.2,13.1,35,0,120.34874,23.757547,38
新港,嘉義縣,59,懸浮微粒,普通,2.7,0.26,33,48,42,16,8,9.3,1.2,1,251,"2026/09/09 23:00:00",0.2,13.9,38,2,120.34553,23.554838,39
朴子,嘉義縣,53,懸浮微粒,普通,2,0.17,36,47,32,9,5,6.4,0.9,0.3,208,"2026/09/09 23:00:00",0.1,9.5,33,1,120.2478,23.46538,40
臺西,雲林縣,50,,良好,1.6,0.22,34,49,36,12,6,7.4,1,1.6,25,"2026/09/09 23:00:00",0.1,9.5,30,1,120.19933,23.702175,41
嘉義,嘉義市,62,懸浮微粒,普通,2.5,0.24,33,51,40,13,8,10.7,1.9,1.1,210,"2026/09/09 23:00:00",0.2,14.1,41,2,120.44125,23.464779,42
新營,臺南市,55,懸浮微粒,普通,1.8,0.22,35,47,31,9,8,8.4,0.3,1.2,191,"2026/09/09 23:00:00",0.2,10.2,35,1,120.31725,23.305634,43
善化,臺南市,48,,良好,1.3,0.19,34,51,34,11,7,8.1,0.4,0.4,124,"2026/09/09 23:00:00",0.1,10.5,29,1,120.29741,23.113377,44
安南,臺南市,54,懸浮微粒,普通,0.7,0.21,41,55,33,16,4,5.2,0.6,0.5,282,"2026/09/09 23:00:00",0.2,13.2,34,0,120.2175,23.048197,45
臺南,臺南市,57,懸浮微粒,普通,0.7,0.23,43,54,35,12,7,8.8,1.1,0.7,1,"2026/09/09 23:00:00",0.2,12.5,36,1,120.21948,22.989283,46
美濃,高雄市,50,,良好,1,0.21,35,54,24,9,2,3.1,0.6,0.7,71,"2026/09/09 23:00:00",0.2,11.7,27,1,120.53054,22.883583,47
橋頭,高雄市,57,細懸浮微粒,普通,0.8,0.28,33,52,37,21,13,14.2,1.1,1.3,96,"2026/09/09 23:00:00",0.2,14.6,29,1,120.30569,22.757505,48
仁武,高雄市,54,細懸浮微粒,普通,1.8,0.32,42,54,37,19,9,10.1,0.6,0.7,97,"2026/09/09 23:00:00",0.2,13.6,29,1,120.332634,22.689056,49
鳳山,高雄市,64,細懸浮微粒,普通,1.2,0.37,34,50,39,21,9,11,1.2,0.4,123,"2026/09/09 23:00:00",0.4,17.2,26,1,120.35742,22.628126,50
大寮,高雄市,61,細懸浮微粒,普通,1.3,0.21,31,45,,18,7,7.8,0.6,1.1,133,"2026/09/09 23:00:00",0.2,16.3,,1,120.42531,22.564137,51
林園,高雄市,71,臭氧八小時,普通,0.6,0.16,62,61,35,15,2,2.9,0.7,1.4,178,"2026/09/09 23:00:00",0.1,12.1,30,1,120.41175,22.4795,52
楠梓,高雄市,51,懸浮微粒,普通,1.3,0.33,31,47,36,15,16,17.2,0.8,1.1,79,"2026/09/09 23:00:00",0.2,11.9,31,1,120.328285,22.733667,53
左營,高雄市,58,細懸浮微粒,普通,1.2,0.34,39,52,36,17,15,16.2,0.6,0.9,129,"2026/09/09 23:00:00",0.2,14.9,32,0,120.292915,22.674862,54
前金,高雄市,54,臭氧八小時,普通,0.8,0.37,37,56,32,15,14,14.9,0.6,0.3,240,"2026/09/09 23:00:00",0.2,13,31,0,120.28676,22.633904,56
前鎮,高雄市,54,臭氧八小時,普通,1.6,0.45,41,56,37,17,14,15.4,0.4,0.2,200,"2026/09/09 23:00:00",0.2,10.8,29,1,120.308334,22.60445,57
小港,高雄市,54,臭氧八小時,普通,0.8,0.32,40,56,32,14,16,16.4,0.4,0.7,316,"2026/09/09 23:00:00",0.1,13.2,28,0,120.33774,22.565832,58
屏東,屏東縣,58,細懸浮微粒,普通,1.3,0.28,38,54,29,14,8,8.9,0.8,1,141,"2026/09/09 23:00:00",0.3,15.2,30,1,120.48803,22.67308,59
潮州,屏東縣,58,細懸浮微粒,普通,1,0.19,32,48,23,13,1,2.1,0.3,1.3,135,"2026/09/09 23:00:00",0.1,15,23,1,120.56117,22.523108,60
恆春,屏東縣,44,,良好,0.9,0.13,45,47,15,8,0,2.2,1.2,4.8,23,"2026/09/09 23:00:00",0.1,7.7,22,0,120.788925,21.958069,61
臺東,臺東縣,38,,良好,0.9,0.14,36,40,19,7,3,4.4,0.9,1.3,313,"2026/09/09 23:00:00",0.1,9.2,23,0,121.15045,22.755358,62
花蓮,花蓮縣,37,,良好,1.1,0.18,28,37,21,10,2,2.8,0.2,2.5,232,"2026/09/09 23:00:00",0.2,9.1,22,1,121.59977,23.971306,63
陽明,臺北市,48,,良好,1.3,0.17,50,52,22,9,0,1.1,0.5,,,"2026/09/09 23:00:00",0.1,4.5,21,1,121.52959,25.182722,64
宜蘭,宜蘭縣,45,,良好,1.1,0.13,32,39,17,10,2,2.9,0.4,1.4,303,"2026/09/09 23:00:00",0.1,11.2,18,1,121.74639,24.747917,65
冬山,宜蘭縣,37,,良好,0.1,0.17,36,40,22,8,2,2,0,1.1,272,"2026/09/09 23:00:00",0.1,7.3,22,0,121.79293,24.632202,66
三重,新北市,0,二氧化氮,普通,,0.69,21,16,28,10,24,33.8,9.7,-,-,"2026/09/09 23:00:00",0.9,11.9,24,1,121.493805,25.07261,67
中壢,桃園市,48,,良好,1.1,0.48,33,27,31,12,13,18.3,4.4,0.6,317,"2026/09/09 23:00:00",0.6,11.8,29,1,121.221664,24.953278,68
竹山,南投縣,64,細懸浮微粒,普通,1.6,0.24,28,55,27,14,5,5.7,0.6,1,350,"2026/09/09 23:00:00",0.2,17.2,31,1,120.67731,23.75639,69
永和,新北市,47,,良好,1,0.33,29,31,23,11,9,11.4,1.5,0.8,96,"2026/09/09 23:00:00",0.3,11.7,20,1,121.516304,25.017,70
復興,高雄市,51,臭氧八小時,普通,1.8,0.35,49,55,28,20,10,12.3,2,0.4,137,"2026/09/09 23:00:00",0.3,12.2,30,1,120.31202,22.608711,71
埔里,南投縣,69,細懸浮微粒,普通,1.3,0.28,31,60,32,20,5,6.6,1,0.4,217,"2026/09/09 23:00:00",0.3,19.1,33,1,120.9679,23.968842,72
馬祖,連江縣,80,臭氧八小時,普通,0.6,0.19,61,64,42,11,2,3.2,1.1,2.7,301,"2026/09/09 23:00:00",0.2,15,38,0,119.95272,26.153736,75
金門,金門縣,69,細懸浮微粒,普通,1.2,0.31,48,49,40,17,6,6.9,0.4,1,344,"2026/09/09 23:00:00",0.3,19.1,38,1,118.312256,24.432133,77
馬公,澎湖縣,54,臭氧八小時,普通,1.1,0.15,57,56,22,8,1,1.6,0.2,4.8,33,"2026/09/09 23:00:00",0.1,10,27,1,119.566154,23.56903,78
關山,臺東縣,38,,良好,2.1,0.13,35,41,17,6,0,1.3,0.5,1.8,350,"2026/09/09 23:00:00",0.1,6.1,16,1,121.161934,23.045082,80
麥寮,雲林縣,55,懸浮微粒,普通,2.1,0.25,31,49,39,15,9,9.8,0,0.9,40,"2026/09/09 23:00:00",0.1,12.6,35,1,120.25182,23.753506,83
富貴角,新北市,67,懸浮微粒,普通,0.5,0.12,55,54,48,10,0,0.4,0,3.9,64,"2026/09/09 23:00:00",0.1,9.9,45,0,121.53657,25.296818,84
大城,彰化縣,52,細懸浮微粒,普通,2.2,0.24,32,50,32,14,7,8.8,0.8,2.2,58,"2026/09/09 23:00:00",0.1,12.8,27,1,120.26964,23.85493,85
臺灣大道,臺中市,46,,良好,0.6,0.53,24,38,21,13,15,20.2,5,1.2,3,"2026/09/09 23:00:00",0.5,11.3,24,0,120.65671,24.1589,88
員林,彰化縣,47,,良好,2.6,0.26,29,48,23,9,10,10.8,0.7,0.8,25,"2026/09/09 23:00:00",0.2,10.3,28,1,120.56319,23.961594,139
林森,臺南市,57,懸浮微粒,普通,1.2,0.44,36,48,34,12,12,12.9,0.6,0.6,79,"2026/09/09 23:00:00",0.4,13,36,1,120.22216,22.985226,140
南投（鹿谷）,南投縣,97,臭氧八小時,普通,2.2,0.21,66,69,20,18,2,3,0.3,0.6,255,"2026/09/09 23:00:00",0.2,14.6,26,2,120.79448,23.718676,203
屏東（琉球）,屏東縣,51,臭氧八小時,普通,0.5,0.16,58,55,29,10,1,1.9,0.2,0.3,162,"2026/09/09 23:00:00",0.1,10.1,23,1,120.37722,22.35222,204
新北（樹林）,新北市,47,,良好,0.1,0.32,37,30,19,10,11,12.6,0.8,0.7,112,"2026/09/09 23:00:00",0.3,11.6,22,0,121.38353,24.949028,311
屏東（枋山）,屏東縣,44,,良好,0.2,0.14,35,48,14,7,1,1.8,0,2.4,91,"2026/09/09 23:00:00",0.1,8.3,19,0,120.651474,22.260899,313
