Seq,序號,類別,星等,旅宿名稱,縣市,鄉鎮,地址,電話,傳真,房間數,電子郵件,網址,郵遞區號,經度Lng,緯度Lat,資料序號Seq
1,1,國際觀光旅館,五星級,漢來大飯店,高雄市,前金區,高雄市前金區成功一路266號1樓、2樓、10-13樓、15-19樓、22-42樓,07-2161766,07-2161966,540,service@grand-hilai.com,http://www.grand-hilai.com,,120.295946,22.619421,1
2,2,國際觀光旅館,,高雄萬豪酒店,高雄市,鼓山區,高雄市鼓山區龍德新路222號,07-5599111,07-5588566,700,info@khhmarriott.com,https://www.marriott.com/hotels/travel/khhmc-kaohsiung-marriott-hotel/,,120.306288,22.654565,2
3,3,一般觀光旅館,,福容大飯店 高雄,高雄市,鹽埕區,高雄市鹽埕區高雄市鹽埕區五福四路45號,07-5511188,07-5211166,250,rsvn_kh@fullon-hotels.com.tw,http://www.fullon-hotels.com.tw/kh/,,120.287711,22.621363,3
4,4,國際觀光旅館,五星級,寒軒國際大飯店,高雄市,苓雅區,高雄市苓雅區四維三路33號,07-332,07-336,311,finance@hanhsien.com.tw,http://www.han-hsien.com.tw,,120.310878,22.619163,4
5,5,國際觀光旅館,五星級,高雄福華大飯店,高雄市,新興區,高雄市新興區七賢一路311號,07-2362323,07-2358383,271,jerry-ks@howard-hotels.com.tw,http://kaohsiung.howard-hotels.com.tw/,,120.30819,22.634004,5
6,6,國際觀光旅館,,高雄圓山大飯店,高雄市,鳥松區,高雄市鳥松區圓山路2號,07-3706007,07-3704889,107,kh@grand-hotel.org,http://www.grand-hotel.org,,120.346628,22.653149,6
7,7,一般觀光旅館,,晶英國際行館,高雄市,前鎮區,高雄市前鎮區前鎮區中山二路199號,07-9730189,-,147,info@silks-club.com,http://www.silks-club.com/,,120.305789,22.611114,7
8,8,國際觀光旅館,,麗尊大酒店,高雄市,苓雅區,高雄市苓雅區五福一路105號,07-2295000,07-2262085,188,resv@thelees.com.tw,http://www.thelees.com.tw/,,120.313795,22.627124,8
9,9,國際觀光旅館,五星級,義大皇家酒店,高雄市,大樹區,高雄市大樹區三和村學城路1段153號,07-6568111,07-6568008,656,info@edaroyal.com.tw,http://www.edaroyal.com.tw,,120.402085,22.730294,9
10,10,國際觀光旅館,,承攜行旅 高雄六合館,高雄市,前金區,高雄市前金區六合二路279號,07-2411022,07-2419991,269,,https://guidehotel.com.tw/hotel/%E6%89%BF%E6%94%9C%E8%A1%8C%E6%97%85-%E9%AB%98%E9%9B%84%E5%85%AD%E5%90%88%E9%A4%A8/,,120.289993,22.629037,10
11,11,星級旅館,二星,三華大飯店,高雄市,新興區,800高雄市新興區六合一路92號3-10樓,07-2392222,07-2397899,125,sanhuahotel@gmail.com,,800,120.308424,22.63267,11
12,12,星級旅館,二星,晶晶假期商務旅館,高雄市,新興區,800高雄市新興區忠孝一路482號,07-2355555,07-2363556,64,,,800,120.306526,22.635251,12
13,13,星級旅館,二星,河堤美學商旅,高雄市,三民區,807高雄市三民區安東街23-1號,07-3119101,07-3214080,61,service@riverhotel.com.tw,http://www.riverhotel.com.tw,807,120.2951698,22.64211003,13
14,14,星級旅館,二星,雲端精緻旅館,高雄市,新興區,800高雄市新興區民主路18號,07-2867069,07-2867058,58,cloud.hotel@msa.hinet.net,,800,120.300089,22.63328,14
15,15,星級旅館,二星,國星大飯店,高雄市,三民區,807高雄市三民區同愛街79號2-5樓、81號1-6樓,07-2873101,07-2889109,50,lobu795212000@yahoo.com.tw,,807,120.300561,22.637524,15
16,16,星級旅館,二星,空中城都會商務旅館,高雄市,苓雅區,802高雄市苓雅區自強三路5號33樓,07-5666111,07-5668816,44,85skycity@gmail.com,http://www.85skycity.com,802,120.300268,22.611649,16
17,17,星級旅館,二星,靉嗨三多行旅,高雄市,苓雅區,802高雄市苓雅區林森二路84-2號3-8樓,07-3301117,07-3301113,42,ihishotel@gmail.com,,802,120.307218,22.618954,17
18,18,星級旅館,二星,禮來大飯店,高雄市,前金區,801高雄市前金區東金里六合二路166號,07-2012222,07-2012111,30,lilyhotel166@gmail.com,,801,120.2921474,22.6306173,18
19,19,星級旅館,三星,高雄富野渡假酒店,高雄市,前鎮區,806高雄市前鎮區瑞田街99號,07-8215299,-,206,rsvn-khh@hoyaresort.com.tw,http://www.hoyaresort.com.tw,806,120.320509,22.598249,19
20,20,星級旅館,三星,高雄漢王洲際飯店,高雄市,鹽埕區,803高雄市鹽埕區七賢三路98號,07-5313131,07-5313140,197,info@kingship.com.tw,http://kingship.com.tw,803,120.2816455,22.6248851,20
21,21,星級旅館,三星,康橋商旅-六合夜市七賢館,高雄市,新興區,800高雄市新興區同愛街28號1樓、30號,07-2885588,07-2885577,195,h015.hotel@msa.hinet.net,,800,120.300607,22.63556,21
22,22,星級旅館,三星,高雄統茂松柏大飯店,高雄市,新興區,"800高雄市新興區和平一路219號1,3,4,7-11樓",07-2232251,07-2220332,191,taw@uniongo.com.tw,http://www.evergreen-hotel.com.tw,800,120.317321,22.631789,22
23,23,星級旅館,三星,高雄商旅,高雄市,新興區,"800高雄市新興區民族二路33號1,4-10樓,37號1,3-10樓",07-2221333,07-2221399,167,urban-hotel33@hanhsien.com.tw,http://www.han-hsien.com.tw/urban/index.php,800,120.312888,22.629666,23
24,24,星級旅館,三星,京城大飯店,高雄市,三民區,807高雄市三民區九如二路362號2-15樓,07-3119906,07-3119591,142,ksthotel@ms33.hinet.net,,807,120.302558,22.641389,24
25,25,星級旅館,三星,九福大飯店,高雄市,新興區,800高雄市新興區民主路16號1-8樓,07-2872131,07-2873555,130,doris@everluckhotel.com.tw,http://www.everluckhotel.com.tw,800,120.300389,22.633326,25
26,26,星級旅館,三星,國際星辰旅館,高雄市,三民區,"807高雄市三民區建國三路252之1號1,4-14樓",07-2163535,07-2165353,129,lin7252918@gmail.com,http://www.ncznhotel.com.tw/,807,120.289403,22.635892,26
27,27,星級旅館,三星,威豪飯店 HOTEL WO,高雄市,前金區,801高雄市前金區七賢二路394號,07-2826000,07-2822153,123,carolkuo@hotelswo.com,http://www.hotelswo.com,801,120.288545,22.630975,27
28,28,星級旅館,三星,好地方飯店六合館,高雄市,前金區,801高雄市前金區七賢二路207號,07-2162330,07-2162339,115,yongyuehotel7@gmail.com,,801,120.293748,22.632302,28
29,29,星級旅館,三星,首福大飯店,高雄市,新興區,800高雄市新興區民主路12號,07-2870151,07-2860160,98,doris@everluckhotel.com.tw,,800,120.300693,22.633439,29
30,30,星級旅館,三星,河堤國際商旅,高雄市,小港區,812高雄市小港區宏平路447號5-12樓,07-8038881,07-8013606,98,service@riverhotel.com.tw,,812,120.356288,22.569694,30
31,31,星級旅館,三星,歐遊國際連鎖精品旅館(高雄館),高雄市,苓雅區,802高雄市苓雅區建國一路73號,07-7493333,05-5517755,97,service@allurmotel.com,http://www.allurmotel.com,802,120.337554,22.629985,31
32,32,星級旅館,三星,希望殿堂精緻商旅,高雄市,三民區,807高雄市三民區自立一路303號,07-3131303,07-3217719,87,service@wishinn.com.tw,http://www.wishinn.com.tw,807,120.296247,22.643927,32
33,33,星級旅館,三星,高雄信宗大飯店,高雄市,三民區,807高雄市三民區建國三路487號,07-9738666,07-9738777,81,kaohsiung.ahotel@gmail.com,https://www.ahotel.tw/,807,120.289497,22.635592,33
34,34,星級旅館,三星,帝后大飯店,高雄市,鹽埕區,803高雄市鹽埕區大公路21號,07-5212211,07-5210808,78,Q21@Q21hotel.com,https://www.q21hotel.com/,803,120.2846935,22.626573,34
35,35,星級旅館,三星,鳥巢旅館,高雄市,前金區,801高雄市前金區七賢二路165號,07-9719999,07-9719988,74,nest@nesthotel.com.tw,http://www.nesthotel.com.tw,801,120.296595,22.633207,35
36,36,星級旅館,三星,好地方旅居文旅,高雄市,苓雅區,802高雄市苓雅區三多四路63號11樓之1,07-2692626,07-2696829,70,85tower@hubhotel.com.tw,https://www.hubhotel.com.tw/kaohsiung/,802,120.301666,22.612902,36
37,37,星級旅館,三星,香堤時尚旅館,高雄市,橋頭區,825高雄市橋頭區德松里鐵道北路33號,07-6117166,07-6112257,67,spa@chateau-motel.com.tw,http://www.chateau-motel.com.tw,825,120.3039518,22.76621277,37
38,38,星級旅館,三星,薇肯商旅,高雄市,新興區,800高雄市新興區明星街40號,07-2871568,07-2871502,57,chiuwh721@gmail.com,http://www.milordhotels.com/wecanhotel/,800,120.300064,22.633886,38
39,39,星級旅館,三星,花鄉商務汽車旅館,高雄市,鳳山區,830高雄市鳳山區誠義路122號,07-7198299,07-7198221,48,kin.leng@msa.hinet.net,,830,120.360645,22.610965,39
40,40,星級旅館,三星,家和商旅,高雄市,三民區,807高雄市三民區九如二路486之1號,07-3215558,07-3218268,46,jhotel3215558@gmail.com,,807,120.298435,22.64166,40
41,41,星級旅館,三星,都會商旅七賢館,高雄市,前金區,801高雄市前金區七賢二路231號,07-2726655,07-2117703,42,mhotel2726655@gmail.com,,801,120.2897741,22.6325895,41
42,42,星級旅館,三星,碧港良居商務站前館,高雄市,三民區,807高雄市三民區安寧街437號2、4至7樓,07-3220366,07-3220388,40,service1@watermarkhotel.com.tw,http://www.watermarkhotel.com.tw,807,120.3038026,22.6402814,42
43,43,星級旅館,四星,皇家金宸大飯店,高雄市,鳳山區,830高雄市鳳山區國泰路一段288號,07-7405999,07-7408111,161,chien56@hotmail.com,http://www.royalgoldhotel.com,830,120.353877,22.616188,43
44,44,旅館,,義大天悅飯店,高雄市,大樹區,840高雄市大樹區義大八街100號,07-6568010,07-6568027,358,alice.huang@edaroyal.com.tw,http://www.edaskylark.com.tw,840,120.401191,22.730615,44
45,45,旅館,,城市商旅高雄真愛館,高雄市,鹽埕區,803高雄市鹽埕區大義街1號,07-5215116,07-5218714,298,reservation.kh@citysuites.com.tw,http://www.citysuites.com.tw,803,120.286603,22.623914,45
46,46,旅館,,高雄洲際酒店,高雄市,前鎮區,806高雄市前鎮區新光路33號1樓、3~16樓,07-3392111,-,253,grace.lin@ihg.com,https://ickaohsiung.com/,806,120.3028575,22.6118872,46
47,47,旅館,,天藝商旅,高雄市,前金區,801高雄市前金區六合二路149號1樓 147號3至11樓,07-2869008,07-2869018,215,lc.uo@msa.hinet.net,https://www.skyonehoteltw.com/,801,120.295571,22.63089,47
48,48,旅館,,城市商旅德立莊博愛館,高雄市,三民區,807高雄市三民區博愛一路338號地上1至10樓,07-3238777,07-3239393,213,information.kh@richardson.com.tw,http://www.midtownrichardson.com,807,120.303771,22.650362,48
49,49,旅館,,承億酒店,高雄市,前鎮區,806高雄市前鎮區林森四路189號地上13樓、14樓、15樓、16至19樓、20樓、21樓、22樓及25樓,07-3333999,07-3336999,208,,,806,120.3023026,22.6092498,49
50,50,旅館,,和逸‧高雄中山館,高雄市,前鎮區,806高雄市前鎮區中山二路260號22-29樓,07-9756699,07-9756688,182,huijing.chang@cathayhotel.com.tw,http://www.hotelcozzi.com,806,120.305071,22.613217,50
51,51,旅館,,金獅湖大酒店,高雄市,三民區,807高雄市三民區金鼎路88號及118號,07-3458866,07-3458877,159,jshhotel@gmail.com,,807,120.328097,22.663058,51
52,52,旅館,,捷絲旅高雄中正館,高雄市,苓雅區,802高雄市苓雅區中正一路134號,07-9723568,07-9723566,158,fo.zz@justsleep.com.tw,http://www.justsleep.com.tw/kaohsiuang/sh/index,802,120.331895,22.628366,52
53,53,旅館,,水京棧國際酒店,高雄市,鼓山區,804高雄市鼓山區明華路366號,07-5537001,07-5538008,157,rv@h2ohotel.com.tw,http://www.h2ohotel.com.tw/zh-tw,804,120.302263,22.662978,53
54,54,旅館,,翰品酒店 高雄,高雄市,鹽埕區,803高雄市鹽埕區大仁路43號1-11樓,07-5217388,07-5217068,152,sarah.hsu@ldchotels.com,http://kaohsiung.chateaudechine.com/zh-tw,803,120.285755,22.624921,54
55,55,旅館,,互舍酒店,高雄市,新興區,800高雄市新興區七賢二路11號,07-2878989,07-2859899,150,service@hu-house.com,http://hu-house.com/,800,120.301479,22.634511,55
56,56,旅館,,塔木德酒店Classic-高雄愛河館,高雄市,前金區,801高雄市前金區大同二路23號,07-2013456,07-2013555,146,kh2013456@hotmail.com,http://www.westbay888.com.tw/,801,120.295504,22.627004,56
57,57,旅館,,都會HOTEL d?a,高雄市,新興區,"800高雄市新興區林森一路165號1,5-14樓",07-2722999,07-2722993,145,sales@hoteldua.com,http://www.hoteldua.com,800,120.304557,22.630508,57
58,58,旅館,,捷絲旅高雄站前館,高雄市,新興區,800高雄市新興區中山一路280號,07-9733588,07-9733583,136,FO.ST@justsleep.com.tw,http://www.justsleep.com.tw,800,120.302551,22.635456,58
59,59,旅館,,福容徠旅 高雄,高雄市,前金區,801高雄市前金區高雄市前金區永恆街3號6至14樓,07-2151188,-,136,gm_kh@fullon-poshtels.com.tw,,801,120.2945343,22.6297546,59
60,60,旅館,,頭等艙飯店─站前館,高雄市,三民區,807高雄市三民區建國三路33號,07-2853888,07-2853999,134,service.kh.ks@airlineinn.com,http://www.airlineinn.com,807,120.2991304,22.6376728,60
61,61,旅館,,御宿商旅明華館,高雄市,鼓山區,804高雄市鼓山區明華路257號,07-5222658,07-5222658,132,royal2240022@yahoo.com.tw,,804,120.299091,22.665106,61
62,62,旅館,,高雄中央公園英迪格酒店,高雄市,新興區,800高雄市新興區中山一路4號,07-2721888,07-2716688,129,,https://www.hotelindigokaohsiung.com/zh-hant/,800,120.3013786,22.6244782,62
63,63,旅館,,康橋商旅一高雄站前館,高雄市,三民區,807高雄市三民區建國二路295號1、2、4至11樓,07-2386677,07-2388989,127,h019.hotel@msa.hinet.net,http://www.kindness-hotel.com.tw,807,120.3030127,22.6375721,63
64,64,旅館,,康橋商旅-高雄-覺民館,高雄市,三民區,807高雄市三民區覺民路291號,07-3903377,07-3903355,127,h023.hotel@msa.hinet.net,http://www.kindness-hotel.com.tw/location-kaohsiung-juemin,807,120.3342259,22.6400198,64
65,65,旅館,,單人房 SINGLE INN-站前館,高雄市,新興區,800高雄市新興區八德一路392號,07-2363256,07-2364889,126,service@singleinn.com.tw,http://www.singleinn.com.tw/,800,120.302602,22.636031,65
66,66,旅館,,龍翔飯店,高雄市,左營區,813高雄市左營區立文路75號6-10樓,07-5574769,07-5586104,124,hotela705@gmail.com,,813,120.304689,22.664472,66
67,67,旅館,,富驛商旅,高雄市,前金區,801高雄市前金區中華三路81號,07-9708777,07-2510277,123,hotelm.khh@fxhotels.com,http://www.fxinn.com.tw,801,120.296323,22.627747,67
68,68,旅館,,盛薈飯店,高雄市,三民區,807高雄市三民區安寧街387號,07-9723788,07-9723799,118,deltonbookinghotel@gmail.com,http://www.deltonhotel.com.tw,807,120.30464,22.640232,68
69,69,旅館,,御宿行旅雄中館,高雄市,三民區,807高雄市三民區建國三路44號2-11樓,07-2240022,07-2257673,118,,,807,120.300218,22.637954,69
70,70,旅館,,承攜行旅學產文教會館高雄美術館,高雄市,鼓山區,804高雄市鼓山區中華一路453號,07-5537520,07-5537120,116,hey.guide.kmfa@gmail.com,https://gardenedu.lealeahotel.com/,804,120.292249,22.656268,70
71,71,旅館,,嵩大大飯店,高雄市,三民區,807高雄市三民區建東里南台路197號3-8樓,07-2883041,07-2878098,115,khhgoshen@gomail.com,,807,120.29783,22.637345,71
72,72,旅館,,華園大飯店草衙館,高雄市,前鎮區,806高雄市前鎮區明正里27鄰中安路1號,07-9681111,07-9560567,115,rsv@hotelhg.com.tw,http://www.hotelhg.com.tw/,806,120.33109,22.582489,72
73,73,旅館,,御宿商旅站前館,高雄市,三民區,807高雄市三民區港東里建國二路283號,07-2378888,07-2378888,111,royal2240022@yahoo.com.tw,,807,120.303299,22.637662,73
74,74,旅館,,天子閣飯店,高雄市,鹽埕區,803高雄市鹽埕區七賢三路128號,07-5328899,07-5327799,111,,https://www.tenz-gohotel.com/tw/index.html,803,120.2848991,22.6243589,74
75,75,旅館,,花鄉渡假會館,高雄市,旗山區,842高雄市旗山區忠孝街39號,07-6612828,07-6612928,110,kin.leng@msa.hinet.net,http://www.kin-lengmotel.com.tw/,842,120.492232,22.878478,75
76,76,旅館,,城市商旅駁二館,高雄市,鹽埕區,803高雄市鹽埕區公園二路83號,07-5322777,07-5213211,110,reservation.kh2@citysuites.com.tw,http://www.citysuites.com.tw,803,120.285306,22.620229,76
77,77,旅館,,康橋商旅-高雄-光榮碼頭館,高雄市,苓雅區,802高雄市苓雅區青年二路169號,07-3343377,07-3341177,108,h016.hotel@msa.hinet.net,http://www.kindness-hotel.com.tw,802,120.295154,22.617527,77
78,78,旅館,,康橋商旅-三多商圈館,高雄市,苓雅區,802高雄市苓雅區林森二路10號,07-5379800,07-5379700,108,h020.hotel@msa.hinet.net,http://www.kindness-hotel.com.tw,802,120.308304,22.616088,78
79,79,旅館,,喜悅大飯店,高雄市,前金區,801高雄市前金區七賢二路178號,07-2863033,07-2861999,107,image-hotel@hotmail.com,http://www.image-hotel.com.tw,801,120.295648,22.633355,79
80,80,旅館,,帕可麗酒店,高雄市,鼓山區,804高雄市鼓山區文信路192號,07-9628800,07-9629600,107,pkfd@thelees.com.tw,https://pkl.thelees.com.tw/,804,120.302552,22.66457,80
81,81,旅館,,巨蛋旅店,高雄市,鼓山區,804高雄市鼓山區文忠路1號,07-5868388,07-5528966,105,marketing@hotelr14.com,https://www.hotelr14.com,804,120.2962203,22.6654149,81
82,82,旅館,,國眾大飯店,高雄市,三民區,807高雄市三民區建國二路268號,07-2370117,07-2370128,103,service@nice-hotel.com.tw,http://www.nice-hotel.com.tw/about-us.html,807,120.304646,22.637862,82
83,83,旅館,,高雄國際會館,高雄市,小港區,812高雄市小港區大業北路436號,07-2620999,07-8037388,100,rv@khhplaza.com.tw,http://www.khhplaza.com.tw,812,120.345706,22.566622,83
84,84,旅館,,宜都大飯店,高雄市,新興區,800高雄市新興區南台橫路31號,07-2861911,07-2861901,99,chiuwh721@gmail.com,http://www.milordhotels.com/idolhotel/,800,120.299558,22.635228,84
85,85,旅館,,鮪魚家族飯店高雄館,高雄市,新興區,800高雄市新興區八德二路10號,07-2863011,07-2878749,98,bluefin_reception@fishhotel.com.tw,,800,120.301509,22.636169,85
86,86,旅館,,康橋商旅-六合夜市中正館,高雄市,前金區,801高雄市前金區中正四路112號2-8樓,07-2881166,07-2871166,98,h014.hotel@msa.hinet.net,https://www.kindness-hotel.com.tw/location-kaohsiung-zhongzheng,801,120.297999,22.630332,86
87,87,旅館,,中央商務大飯店,高雄市,新興區,800高雄市新興區中正四路6號5、6、7、8、9樓,07-2852520,07-2859195,98,p0919512359@yahoo.com.tw,https://www.facebook.com/CenterHotel800,800,120.301087,22.631362,87
88,88,旅館,,康橋商旅-後驛九如館,高雄市,三民區,807高雄市三民區九如二路339號3~11樓,07-3153366,07-3153322,98,h017.hotel@msa.hinet.net,https://www.kindness-hotel.com.tw/location-kaohsiung-jiuru,807,120.304362,22.641006,88
89,89,旅館,,益大商務旅館,高雄市,三民區,807高雄市三民區九如二路172號,07-3116181,07-3116180,97,a0921670291@gmail.com,,807,120.308015,22.641044,89
90,90,旅館,,高雄愛河智選假日酒店,高雄市,鹽埕區,803高雄市鹽埕區大智路129號4至15樓,07-5323333,07-5329977,96,service.pier2@hiexkhhlr.com.tw,http://www.hiexpress.com/kaohsiunglr,803,120.2863612,22.6231912,90
91,91,旅館,,喜迎旅店,高雄市,前金區,801高雄市前金區六合二路161號,07-2312333,07-2318383,94,sales@greetinn.com.tw,http://greetinn.com.tw,801,120.2948022,22.630511,91
92,92,旅館,,現代商務旅館,高雄市,三民區,807高雄市三民區九如二路332號4-7樓,07-3122151,07-3218282,92,hsiendai@yahoo.com.tw,,807,120.303262,22.641331,92
93,93,旅館,,芝豐大飯店,高雄市,三民區,"807高雄市三民區河北二路25號1,3至9樓",07-2858161,07-2861479,92,Chihfeng168@gmail.com,,807,120.300883,22.636927,93
94,94,旅館,,鈞怡大飯店,高雄市,前金區,801高雄市前金區河東路10號3樓,07-2821888,07-2828699,91,accounting@harbour10.com.tw,,801,120.291109,22.622156,94
95,95,旅館,,癮室,高雄市,前金區,801高雄市前金區六合二路128號,07-2886888,07-2888988,90,inns.svc@gmail.com,https://inns.ezhotel.com.tw/,801,120.296342,22.631191,95
96,96,旅館,,陽光大飯店,高雄市,苓雅區,802高雄市苓雅區中華四路71號,07-3327988,07-3361445,88,hotelsunshine@hotelsunshine.com.tw,http://www.hotelsunshine.com.tw,802,120.3015282,22.614396,96
97,97,旅館,,秝芯旅店駁二館,高雄市,鹽埕區,803高雄市鹽埕區五福四路67號,07-5219666,07-5211616,88,service@legendhotel.com,http://www.legendhotel.com.tw,803,120.2845067,22.6220726,97
98,98,旅館,,嵩山大飯店,高雄市,新興區,800高雄市新興區七賢一路100號,07-2262266,07-2262270,87,song.san@msa.hinet.net,,800,120.314412,22.633881,98
99,99,旅館,,不老溫泉渡假村,高雄市,六龜區,844高雄市六龜區新發里新開路82號,07-6791888,07-6791666,86,pulaohung@gmail.com,,844,120.68356,23.066412,99
100,100,旅館,,瑞谷大飯店,高雄市,新興區,800高雄市新興區七賢一路75號3-11樓,07-2240501,07-2240940,81,,,800,120.314966,22.633517,100
101,101,旅館,,巴黎香舍旅館,高雄市,前鎮區,"806高雄市前鎮區一心二路15號3-10樓,12樓",07-3300611,07-3300615,81,paris.hotel@msa.hinet.net,,806,120.3123057,22.610372,101
102,102,旅館,,佑煦行旅,高雄市,鹽埕區,803高雄市鹽埕區光榮街83號,07-5218770,07-5218771,78,FO@hotelyoshi.com,,803,120.285994,22.624422,102
103,103,旅館,,六合大旅社,高雄市,新興區,800高雄市新興區六合二路30號,07-2867161,07-2859220,74,sunnysidehotel@hotmail.com.tw,,800,120.300919,22.63282,103
104,104,旅館,,大通大飯店,高雄市,新興區,800高雄市新興區大同一路205號1-11樓,07-2151686,07-2160634,72,,,800,120.300164,22.628526,104
105,105,旅館,,康橋商旅-五甲店,高雄市,鳳山區,"830高雄市鳳山區福德街143巷20號4-9樓,22號1-3樓",07-8122840,07-8122848,72,h003.hotel@msa.hinet.net,,830,120.326927,22.590039,105
106,106,旅館,,龍華旅館,高雄市,旗山區,842高雄市旗山區花旗二路300巷2號,07-6622018,07-6622019,72,,,842,120.458329,22.880717,106
107,107,旅館,,酷旅樹屋旅店,高雄市,前金區,801高雄市前金區六合二路132號3至5樓,07-2878800,07-2878022,72,intreehouse@gmail.com,http://www.designhotels.com.tw,801,120.296066,22.631094,107
108,108,旅館,,鈺陽鴻旅館,高雄市,三民區,807高雄市三民區建國三路185號1至9樓,07-2865151,-,72,,,807,120.2956473,22.6377386,108
109,109,旅館,,新世代精品商務旅店,高雄市,苓雅區,802高雄市苓雅區三多四路63號14樓之2,07-2693322,07-2696112,71,new2693322@hotmail.com,http://www.new2693322.com.tw,802,120.301229,22.612765,109
110,110,旅館,,薇風精品汽車旅館楠梓館,高雄市,楠梓區,811高雄市楠梓區楠盛街137號,07-3551177,07-3551175,71,wfmotel@gmail.com,http://www.wfmotel.com.tw,811,120.33308,22.730996,110
111,111,旅館,,夏優旅居,高雄市,鹽埕區,803高雄市鹽埕區新興街67號,07-5328885,07-5216956,70,hotelsayo@gmail.com,http://67sayo.com,803,120.28104,22.625501,111
112,112,旅館,,雀客快捷高雄愛河,高雄市,鹽埕區,803高雄市鹽埕區七賢三路278號,07-5519292,07-5519290,70,service@hoorayhotel.com.tw,https://www.mastripms.com/checkinn-hooray,803,120.284776,22.630591,112
113,113,旅館,,旗津道酒店,高雄市,旗津區,805高雄市旗津區旗津三路1050號2-3樓,07-5721818,07-5721199,70,abbytsai@inone.com.tw,http://www.inyounghotel.com.tw,805,120.26831,22.610416,113
114,114,旅館,,佳適迎旅舍,高雄市,新興區,800高雄市新興區中山一路257號,07-2882111,07-2886111,68,river.hotels@msa.hinet.net,http://www.jiasinn.com.tw,800,120.302043,22.635241,114
115,115,旅館,,御宿商旅中央公園館,高雄市,前金區,801高雄市前金區中華三路15號,07-2155990,07-2615572,66,royal2240022@yahoo.com.tw,http://www.royal-group.com.tw,801,120.295819,22.6232023,115
116,116,旅館,,金石大飯店,高雄市,新興區,800高雄市新興區明星街32號,07-2887171,07-2887179,65,goldenstone32@gmail.com,http://www.milordhotels.com/,800,120.300149,22.633935,116
117,117,旅館,,西子灣大飯店-站前館,高雄市,三民區,807高雄市三民區建國二路241號,07-2364567,07-2350111,65,kh58888@hotmail.com,http://www.westbay888.com.tw/station,807,120.304724,22.637326,117
118,118,旅館,,御宿汽車旅館鳳山館,高雄市,鳳山區,830高雄市鳳山區中崙一路31巷2號,07-7537118,07-7537118,65,royal2240022@yahoo.com.tw,,830,120.355297,22.612667,118
119,119,旅館,,御宿商旅後驛館,高雄市,三民區,807高雄市三民區遼寧一街458號,07-3115008,07-3115008,64,royal2240022@yahoo.com.tw,,807,120.3033251,22.6427113,119
120,120,旅館,,御宿商旅博愛館,高雄市,三民區,807高雄市三民區博愛一路105號,07-3122622,07-3122622,64,royal2240022@yahoo.com.tw,,807,120.302685,22.644274,120
121,121,旅館,,一陽大飯店,高雄市,新興區,800高雄市新興區中山二路548號1至8樓,07-2018686,07-2216610,64,,,800,120.301513,22.622464,121
122,122,旅館,,美王大飯店,高雄市,新興區,800高雄市新興區八德二路94號,07-2885111,07-2885110,63,milordboutiquehotel@gmail.com,http://www.milordhotels.com/milordboutiquehotel/,800,120.297643,22.635675,122
123,123,旅館,,康橋商旅-高雄-三多衛武營館,高雄市,苓雅區,802高雄市苓雅區三多一路94號(3-8F),07-7248800,07-7248855,62,h009.hotel@msa.hinet.net,http://sandou.kindness-hotel.com.tw/index.php,802,120.332766,22.623449,123
124,124,旅館,,京賞國際飯店,高雄市,三民區,807高雄市三民區十全二路188號1、4至5樓,0933-187285,-,62,,,807,120.29785,22.64597,124
125,125,旅館,,薇風情MOTEL,高雄市,鳳山區,830高雄市鳳山區保仁街1號,07-7968689,07-7968289,61,dadi5688@yahoo.com.tw,http://www.wemotel.com.tw/,830,120.350887,22.592331,125
126,126,旅館,,日光高鐵精品旅館,高雄市,左營區,813高雄市左營區大中二路597號,07-3457380,07-3457190,61,sunmotel597@gmail.com,,813,120.307851,22.682817,126
127,127,旅館,,凱羅藝術大飯店,高雄市,三民區,807高雄市三民區天祥一路68號1-7樓,07-3475800,07-3425480,60,karo@karo.com.tw,http://www.karo.com.tw,807,120.322612,22.666896,127
128,128,旅館,,御宿商旅中山館,高雄市,苓雅區,802高雄市苓雅區興中二路11-2號4-10樓,07-3348101,07-3348101,60,royal2240022@yahoo.com.tw,,802,120.303283,22.615191,128
129,129,旅館,,巴黎商旅,高雄市,新興區,800高雄市新興區自立二路8號,07-2151089,07-2151097,60,paris.hotel8@msa.hinet.net,,800,120.29984,22.62903,129
130,130,旅館,,美麗四季精品旅館,高雄市,前鎮區,806高雄市前鎮區一心一路203巷26號,07-7527699,07-7527599,60,merryseasons@gmail.com,http://www.merryseasons.com.tw/merryseasons.html,806,120.31814,22.607256,130
131,131,旅館,,奇異果快捷旅店 高雄九如店,高雄市,三民區,807高雄市三民區九如一路790號,07-9560604,07-9560671,60,service25@rate-inn.com,,807,120.32046,22.640004,131
132,132,旅館,,J?H? HOTEL,高雄市,新興區,800高雄市新興區中山一路306號,07-2355188,07-2381588,60,service@johohotel.com,https://www.johohotel.com/,800,120.302624,22.63629,132
133,133,旅館,,森美堡休閒汽車旅館,高雄市,旗山區,842高雄市旗山區花旗二路2號,07-6616656,07-6625786,59,tn902122@yahoo.com.tw,,842,120.466844,22.880983,133
134,134,旅館,,喜達絲飯店,高雄市,前金區,801高雄市前金區成功一路286號1至10樓,07-2518000,07-2513200,59,service@starhaushotel.com,http://www.starhaushotel.com,801,120.295481,22.620146,134
135,135,旅館,,陽光大飯店中華館,高雄市,苓雅區,"802高雄市苓雅區中華四路75號1,3-12樓",07-3327988,07-3361445,58,hotelsunshine@hotelsunshine.com.tw,http://www.hotelsunshine.com.tw,802,120.301415,22.614514,135
136,136,旅館,,麗莎旅?,高雄市,鳳山區,830高雄市鳳山區鳳頂路547號,07-7553999,07-7535672,58,happygarden-motel@hotmail.com,http://www.happy-garden.com.tw/,830,120.3624444,22.6098891,136
137,137,旅館,,康瀚行旅,高雄市,前金區,801高雄市前金區七賢二路195號1至8樓,07-2112151,07-2618709,57,fo@khanhotel.com.tw,http://www.khanhotel.com.tw,801,120.294427,22.632597,137
138,138,旅館,,好地方大飯店三多館,高雄市,苓雅區,802高雄市苓雅區三多四路63號16樓之1,07-3320002,07-3311773,57,nicehotel.kao@gmail.com,,802,120.301666,22.612903,138
139,139,旅館,,梅花大飯店,高雄市,新興區,800高雄市新興區南華路188號,07-2373141,07-2358551,56,188meihua@gmail.com,,800,120.303214,22.635431,139
140,140,旅館,,南海大飯店,高雄市,前金區,801高雄市前金區新盛一街10號,07-2870191,07-2870199,56,nh2870198@kimo.com,,801,120.296652,22.630278,140
141,141,旅館,,昭來大飯店,高雄市,苓雅區,802高雄市苓雅區青年一路311號,07-3335111,07-3335116,56,jlhotel311@gmail.com,,802,120.302631,22.620049,141
142,142,旅館,,高雄文賓大飯店-駁二館,高雄市,鹽埕區,803高雄市鹽埕區大勇路22號,07-5612346,07-5338007,56,wenpin.hotel@msa.hinet.net,http://www.wenpin.com.tw,803,120.2826074,22.6210505,142
143,143,旅館,,瑞宮大飯店,高雄市,三民區,807高雄市三民區建國二路209號,07-2351141,07-2351145,56,,,807,120.305877,22.637469,143
144,144,旅館,,宮賞藝術大飯店,高雄市,新興區,800高雄市新興區林森一路237號,07-2399888,07-2388669,56,info@ksdhotel.com.tw,,800,120.3049386,22.6339457,144
145,145,旅館,,西悠巢旅高雄車站館,高雄市,三民區,807高雄市三民區安寧街454號3-9樓,07-3219999,-,56,,https://www.cuhotel.com.tw/Kaohsiung,807,120.301694,22.640596,145
146,146,旅館,,三多大飯店,高雄市,前鎮區,806高雄市前鎮區三多三路107號,07-3323210,07-3323208,55,qq771030@gmail.com,,806,120.311172,22.616031,146
147,147,旅館,,康橋商旅-高雄-中山八德館,高雄市,新興區,800高雄市新興區中山一路289號1至6樓,07-2883399,07-2883355,55,h022.hotel@msa.hinet.net,http://www.kindness-hotel.com.tw,800,120.3020849,22.6361769,147
148,148,旅館,,歌德商旅,高雄市,苓雅區,802高雄市苓雅區建國一路57號(1-7F)、55號(5-7F),07-7498666,07-7496333,54,goodnesshotel@yahoo.com,,802,120.338983,22.62959,148
149,149,旅館,,花季度假飯店,高雄市,田寮區,823高雄市田寮區南安里崗北路111號,07-6362288,07-6361198,54,apple_chao@springhill.com.tw,http://www.springhill.com.tw,823,120.357229,22.875632,149
150,150,旅館,,中山精品商旅,高雄市,新興區,800高雄市新興區中正四路6號2、3、4樓,07-2852520,07-2859195,51,,,800,120.301087,22.631362,150
151,151,旅館,,樂逸文旅-六合夜市棒球館,高雄市,新興區,800高雄市新興區南華路136號,07-2365500,07-2365522,50,lahotel2016@gmail.com,http://www.lahotel.com.tw,800,120.303097,22.633352,151
152,152,旅館,,比歐緻居,高雄市,新興區,800高雄市新興區中山一路14之26號,07-2817900,07-2817933,50,info@briohotel.com,http://www.briohotel.com,800,120.30162,22.626159,152
153,153,旅館,,秝芯旅店,高雄市,前金區,801高雄市前金區新盛一街55號,07-2877766,07-2865653,49,service@legendhotel.com.tw,,801,120.295931,22.631738,153
154,154,旅館,,金銀島汽車旅館-新富店,高雄市,鳳山區,830高雄市鳳山區大明路223號,07-7638933,07-7671302,49,kin.leng@msa.hinet.net,,830,120.3412737,22.61181,154
155,155,旅館,,世國商務旅館,高雄市,新興區,800高雄市新興區民主橫路64號,07-2876151,07-2886020,49,c0930939577@yahoo.com.tw,,800,120.301397,22.635154,155
156,156,旅館,,凱莎琳庭園大飯店,高雄市,前金區,801高雄市前金區文武三街145號,07-2152158,07-2512326,48,kp_hotel@yahoo.com.tw,,801,120.298378,22.620562,156
157,157,旅館,,苓雅大飯店,高雄市,苓雅區,802高雄市苓雅區四維四路69-1號,07-3341211,07-3341296,48,,,802,120.2987777,22.6152726,157
158,158,旅館,,簡單生活商務旅館,高雄市,前金區,801高雄市前金區中華三路189號2至7樓,07-2166868,07-2167858,48,simplylife79895208@gmail.com,http://www.simplelifehotel.com,801,120.294614,22.632133,158
159,159,旅館,,河畔文旅,高雄市,鹽埕區,803高雄市鹽埕區府北路50號2-9樓,07-5511666,07-5511777,48,theriverohotel@gmail.com,,803,120.285527,22.629389,159
160,160,旅館,,聖亞哥旅館,高雄市,前金區,801高雄市前金區明星街155號,07-2862933,07-2854113,48,sinyago2005@yahoo.com.tw,http://sinyago.ho.net.tw,801,120.296325,22.632517,160
161,161,旅館,,春天藝術飯店,高雄市,鳳山區,830高雄市鳳山區五甲一路364號1-7樓,07-7631027,07-7638132,48,spring7631027@gmail.com,http://www.spart-hotel.com.tw,830,120.350787,22.612757,161
162,162,旅館,,奇異果快捷旅店-高雄車站店,高雄市,三民區,807高雄市三民區大連街88號1-7樓,07-3130888,07-3111068,48,mg22@rate-inn.com,http://rs-kiwihotel.com/web/summary/50,807,120.305208,22.642243,162
163,163,旅館,,日光花園商務飯店,高雄市,新興區,800高雄市新興區民生一路77號1至7樓,07-2229898,07-2223803,48,sunhotel77@yahoo.com.tw,http://www.sunhotel77.com.tw,800,120.31217,22.62785,163
164,164,旅館,,太陽旅館,高雄市,岡山區,820高雄市岡山區中山北路26號5~7樓,07-6235280,-,48,,,820,120.299203,22.793787,164
165,165,旅館,,?˙泊思行旅,高雄市,鹽埕區,803高雄市鹽埕區七賢三路58號3樓~12樓,07-5517066,-,48,,http://www.hotellagom.com.tw/,803,120.2807562,22.6231571,165
166,166,旅館,,金鳳凰商務旅館,高雄市,鳳山區,830高雄市鳳山區博愛路607號,07-7481666,07-7105725,47,goldenphoenix1666@yahoo.com.tw,http://www.goldenphoenix.com.tw,830,120.360987,22.630562,166
167,167,旅館,,金建商務飯店,高雄市,小港區,812高雄市小港區飛機路459號2-9樓,07-8021655,07-8034955,47,jini0323@gmail.com,http://www.gj-hotel.com.tw/,812,120.349063,22.571947,167
168,168,旅館,,假期旅店,高雄市,新興區,800高雄市新興區中正四路72號,07-2887751,07-9697751,46,k1.jchotel@msa.hinet.net,http://www.holidayhotel.com.tw,800,120.299239,22.630673,168
169,169,旅館,,上陞商務旅館,高雄市,三民區,807高雄市三民區南華路231號,07-2380116,07-2365195,46,,,807,120.303587,22.637071,169
170,170,旅館,,紅舍客棧旅店,高雄市,前鎮區,806高雄市前鎮區林森三路94號5-9樓,07-3386555,07-3380020,46,redhotel55@gmail.com,,806,120.308164,22.612222,170
171,171,旅館,,帝王大飯店,高雄市,前金區,801高雄市前金區中華三路17號,07-2612197,07-2316178,45,hotel801a@gmail.com,,801,120.297976,22.62331,171
172,172,旅館,,金堡旅店,高雄市,三民區,807高雄市三民區港東里南華路224號1-6樓,07-2356677,07-2351133,45,jinbao168@yahoo.com.tw,,807,120.303275,22.636908,172
173,173,旅館,,SINGLE INN單人房,高雄市,新興區,800高雄市新興區林森一路267號地下一樓,07-2363256,07-2364889,45,service@singleinn.com.tw,,800,120.3047751,22.6363299,173
174,174,旅館,,雅泊汽車旅館,高雄市,鳥松區,833高雄市鳥松區忠誠路105號,07-7323300,07-7353489,45,,http://www.harportmotel.com,833,120.3590112,22.6570892,174
175,175,旅館,,碧港良居商旅西子灣二館,高雄市,鼓山區,804高雄市鼓山區哨船街14號地下室1樓、1、3至5樓,07-5331336,07-5331226,44,service2@watermarkhotel.com.tw,http://www.watermarkhotel.com.tw,804,120.268541,22.6179898,175
176,176,旅館,,康橋商旅-城市之星-漢神館,高雄市,前金區,801高雄市前金區中華四路290號,07-2815566,07-2815511,43,h011.hotel@msa.hinet.net,http://hanshen.kindness-hotel.com.tw/index.php,801,120.299764,22.619947,176
177,177,旅館,,瑞城別館,高雄市,三民區,807高雄市三民區建國三路36號,07-2865761,-,42,,,807,120.300448,22.63796,177
178,178,旅館,,金馬大飯店,高雄市,新興區,800高雄市新興區河南二路12號,07-2865141,07-2869128,42,riversd@seed.net.tw,http://www.riverside-hotel.com.tw/,800,120.300847,22.636623,178
179,179,旅館,,高第大飯店,高雄市,苓雅區,802高雄市苓雅區建民路37號,07-7119061,07-7112833,42,,,802,120.332979,22.628559,179
180,180,旅館,,麗馨麗登精品商旅七賢館,高雄市,前金區,801高雄市前金區市中一路229號1、3~8樓,07-2219911,07-2727158,42,hsaio2003@gmail.com,,801,120.289213,22.630767,180
181,181,旅館,,旅行家商旅,高雄市,三民區,807高雄市三民區河北二路50-7號,07-2867520,07-2867136,42,h2867520@gmail.com,,807,120.299802,22.637023,181
182,182,旅館,,小承輕旅,高雄市,新興區,800高雄市新興區中山一路145號1至4樓,07-2881212,07-2882323,42,reservation.kslt@hotelday.com.tw,,800,120.301781,22.63235,182
183,183,旅館,,展旺高雄行旅,高雄市,前金區,801高雄市前金區文武二街167號,07-2161188,07-2161166,42,54333125@hotel-leisure.com,,801,120.2952757,22.6284063,183
184,184,旅館,,華宏大飯店,高雄市,三民區,807高雄市三民區建國二路243號,07-2375523,-,41,2375526@gmail.com,,807,120.304634,22.637514,184
185,185,旅館,,代迪賓館,高雄市,橋頭區,825高雄市橋頭區橋頭里成功路57號8-11樓,07-6110268,-,40,,,825,120.309228,22.760056,185
186,186,旅館,,兆舍行旅,高雄市,前金區,801高雄市前金區七賢二路378號,07-2411745,-,40,zhaoshe0168@gmail.com,,801,120.289494,22.631282,186
187,187,旅館,,飛行家青年旅館,高雄市,苓雅區,802高雄市苓雅區仁義街2之4號B1.3F.5F,07-3387511,07-3387311,40,flyinn3387511@gmail.com,,802,120.303659,22.61469,187
188,188,旅館,,花鄉旅館巨蛋店,高雄市,左營區,813高雄市左營區正心街86號,07-5561166,07-5567348,39,kin.leng@msa.hinet.net,,813,120.304411,22.663855,188
189,189,旅館,,御宿汽車旅館中華館,高雄市,三民區,807高雄市三民區九如三路58號,07-3110959,07-3110959,39,royal2240022@yahoo.com.tw,https://www.royal-group.com.tw/,807,120.2901239,22.6425075,189
190,190,旅館,,崧泰旅店,高雄市,前金區,"801高雄市前金區五福三路79號6,7樓之1,2",07-2153468,07-2156157,38,sungtaihotel79@gmail.com,https://www.sungtai-hotel.com,801,120.296114,22.6212734,190
191,191,旅館,,情憶汽車旅館,高雄市,小港區,812高雄市小港區桂忠街5巷2號,07-7916060,07-7931383,37,m7916060@yahoo.com.tw,,812,120.357589,22.584301,191
192,192,旅館,,河堤戀館汽車旅館,高雄市,苓雅區,802高雄市苓雅區憲政路128號,07-2233288,07-2233788,37,service@riverhotel.com.tw,,802,120.324354,22.635922,192
193,193,旅館,,明誠日光精品旅館,高雄市,鼓山區,804高雄市鼓山區龍勝路318號,07-5552366,-,36,,,804,120.296025,22.660861,193
194,194,旅館,,御宿汽車旅館民族館,高雄市,三民區,807高雄市三民區堯山街51號1-2樓,07-3868988,07-3868988,36,royal2240022@yahoo.com.tw,,807,120.3161909,22.6416305,194
195,195,旅館,,城市商旅美麗島館,高雄市,新興區,800高雄市新興區民生一路328號1-7樓,07-2519888,07-2516777,36,information.kh@papawhale.com,http://www.citysuites.com.tw,800,120.304536,22.627638,195
196,196,旅館,,樂芙汽車旅館,高雄市,鼓山區,804高雄市鼓山區文信路311號,07-5551591,07-5551590,36,luvumotel@gmail.com,http://www.luvumotel.com,804,120.299681,22.664452,196
197,197,旅館,,承攜行旅-高雄新崛江,高雄市,新興區,800高雄市新興區五福二路198號2-7樓,07-2165566,07-2165511,36,,,800,120.3053272,22.6247493,197
198,198,旅館,,四季汽車旅館,高雄市,鼓山區,804高雄市鼓山區裕誠路1789號1-3樓,07-5523322,07-5548699,35,merryseasons@gmail.com,,804,120.294316,22.658681,198
199,199,旅館,,函館汽車旅館,高雄市,左營區,813高雄市左營區崇德路156號1-2樓,07-3490000,07-3490020,35,karohotel@gmail.com,,813,120.306582,22.67433,199
200,200,旅館,,打狗戀館,高雄市,小港區,812高雄市小港區港平路167號,07-8129988,07-8120789,35,takao.love.motel@gmail.com,http://www.takaomotel.com.tw,812,120.334826,22.564163,200
201,201,旅館,,和樂花園旅店,高雄市,前金區,801高雄市前金區榮安街35號1-7樓,07-2825888,07-2829899,35,joygarden35@gmail.com,,801,120.293845,22.63104,201
202,202,旅館,,御宿汽車旅館武營館,高雄市,鳳山區,830高雄市鳳山區武林路3號、5號,07-7719888,07-7719888,35,royal2240022@yahoo.com.tw,,830,120.336253,22.614281,202
203,203,旅館,,獅子王商務旅館,高雄市,前金區,801高雄市前金區允文街65號,07-215-9599,07-215-5590,35,lionking072159599@gmail.com,http://www.lionking.com.tw,801,120.2947057,22.6190697,203
204,204,旅館,,媚力泊旅館,高雄市,仁武區,814高雄市仁武區仁雄路451號,07-3713188,-,35,a7566.a4690@msa.hinet.net,,814,120.3348615,22.6739697,204
205,205,旅館,,遠悅飯店高雄愛河館,高雄市,三民區,807高雄市三民區市中一路314號1-5樓,0985-167039,03-5336527,34,cs0007@wininn.net,https://www.wininnhotel.com/2,807,120.2882239,22.6337291,205
206,206,旅館,,龍陽旅?,高雄市,楠梓區,811高雄市楠梓區楠都東街116號1-7樓,07-3512633,07-3525533,34,,,811,120.325715,22.724725,206
207,207,旅館,,藍色海岸賓館,高雄市,前鎮區,806高雄市前鎮區廣西路398號,07-3383501,07-3383503,34,bluecoast0303@gmail.com,http://www.bluecoast.com.tw/,806,120.311024,22.615077,207
208,208,旅館,,旅港汽車旅館,高雄市,小港區,812高雄市小港區宏平路93號,07-8063880,07-8063870,34,93motel@gmail.com,,812,120.36376,22.571202,208
209,209,旅館,,世紀旅店,高雄市,苓雅區,802高雄市苓雅區苓雅二路85-5號,07-3310111,-,33,,,802,120.299714,22.617393,209
210,210,旅館,,香堤晶典旅館,高雄市,小港區,812高雄市小港區宏平路579號,07-8035566,07-8032377,33,spa@chateau-motel.com.tw,,812,120.354064,22.569689,210
211,211,旅館,,歐閣精品旅館,高雄市,苓雅區,802高雄市苓雅區英明路268號,07-7247890,07-7132749,33,,,802,120.323553,22.62001,211
212,212,旅館,,華納不只是旅館-熱河店,高雄市,三民區,807高雄市三民區熱河二街222號,07-3123222,07-3130110,33,,,807,120.295864,22.644638,212
213,213,旅館,,紫園汽車旅館,高雄市,鳳山區,830高雄市鳳山區福祥街3號,07-8222589,07-8222660,33,purple.motel@msa.hinet.net,,830,120.324282,22.591491,213
214,214,旅館,,麗馨麗登汽車旅館,高雄市,鳳山區,830高雄市鳳山區文鳳路96號,07-7775036,07-7775038,33,hsaio2003@gmail.com,,830,120.349093,22.642464,214
215,215,旅館,,花鄉旅館,高雄市,左營區,813高雄市左營區文智路95號,07-3470111,07-3484901,32,huaxiang0004@gmail.com,http://www.kin-lengmotel.com.tw/,813,120.2974673,22.67628357,215
216,216,旅館,,香堤精品旅館,高雄市,大寮區,831高雄市大寮區中庄里仁愛路52號,07-7026606,07-7023278,32,spa@cahteaumotel.com.tw,http://www.chateau-motel.com.tw/ezcatfiles/sc22/homepage/504/index.html,831,120.394905,22.636241,216
217,217,旅館,,盈春汽車旅館,高雄市,仁武區,814高雄市仁武區安樂一街368號,07-3741379,07-3733415,32,,,814,120.351017,22.708838,217
218,218,旅館,,雄旺237旅館,高雄市,鹽埕區,803高雄市鹽埕區七賢三路229號1至3樓,07-5218237,07-5317237,32,h237.hotel@gmail.com,https://www.facebook.com/Hotel237/,803,120.2817476,22.6294784,218
219,219,旅館,,香格里拉旅館,高雄市,三民區,807高雄市三民區建國二路208號,07-2356007,07-2371313,31,a235607.hotel@msa.hinet.net,,807,120.306523,22.637675,219
220,220,旅館,,西北大旅社,高雄市,新興區,800高雄市新興區八德二路27號,07-2859909,-,31,a0927039377@gmail.com,,800,120.30052,22.635862,220
221,221,旅館,,三多旅店-玫瑰青年館,高雄市,苓雅區,802高雄市苓雅區青年二路95號1-6樓,07-2691788,07-537,31,qq771030@gmail.com,,802,120.298476,22.618625,221
222,222,旅館,,御宿汽車旅館博愛館,高雄市,鼓山區,804高雄市鼓山區龍德路2號,07-5551901,07-5551901,31,royal2240022@yahoo.com.tw,,804,120.295655,22.660967,222
223,223,旅館,,簡愛汽車旅館,高雄市,鳳山區,830高雄市鳳山區錦田路161號,07-8419999,07-8224051,31,merryseasons@gmail.com,,830,120.331478,22.594538,223
224,224,旅館,,玫瑰花園汽車旅館,高雄市,旗山區,842高雄市旗山區東平里東圳巷9-8號,07-6629898,07-6622021,31,orange6623268@yahoo.com.tw,,842,120.500962,22.88073,224
225,225,旅館,,麗登精品汽車旅館,高雄市,鳳山區,830高雄市鳳山區保安1街3號,07-7963999,-,31,hsaio2003@gmail.com,http://leesinggroup.com/leedonmotel/,830,120.339515,22.594508,225
226,226,旅館,,印水涵汽車旅館,高雄市,湖內區,829高雄市湖內區湖中路165號,07-6998800,07-6997075,31,,,829,120.2239045,22.9055061,226
227,227,旅館,,帕鉑舍旅旅店,高雄市,三民區,807高雄市三民區重慶街1之2、1之3號1~8樓,07-3110869,07-3120567,30,papoa9990@gmail.com,http://papoa-hotel.com,807,120.30171,22.640728,227
228,228,旅館,,種子商旅,高雄市,苓雅區,802高雄市苓雅區光華一路148之42號,07-7240011,07-7240022,30,seedhotel@gmail.com,,802,120.316026,22.623345,228
229,229,旅館,,巴中聖淘沙旅館,高雄市,鹽埕區,803高雄市鹽埕區七賢二路423號10樓之1、2，11樓、12樓,07-5335158,-,30,,,803,120.28561,22.629572,229
230,230,旅館,,凱莉都汽車旅館,高雄市,楠梓區,811高雄市楠梓區大學7街236號,07-5918988,-,30,,,811,120.288854,22.728344,230
231,231,旅館,,御宿汽車旅館建國館,高雄市,苓雅區,802高雄市苓雅區建國一路155號,07-7261200,07-7261200,30,royal2240022@yahoo.com.tw,,802,120.328884,22.632725,231
232,232,旅館,,克來旅館,高雄市,鳳山區,830高雄市鳳山區五甲一路130號,07-7469692,-,30,hsuklai100@gmail.com,,830,120.356397,22.620359,232
233,233,旅館,,華水亭汽車旅館,高雄市,鳳山區,830高雄市鳳山區園茂路62號,07-7927477,07-7921010,30,merryseasons@gmail.com,,830,120.357432,22.591024,233
234,234,旅館,,泓揚精緻商旅,高雄市,新興區,800高雄市新興區七賢二路74號5、6、10樓,07-2855696,07-2853033,30,bamboo.hotel2014@gmail.com,,800,120.299385,22.634582,234
235,235,旅館,,香堤文旅,高雄市,楠梓區,811高雄市楠梓區興楠路355巷82弄1號,07-3535799,07-3528692,29,,,811,120.332329,22.728003,235
236,236,旅館,,愛之旅商務汽車旅館,高雄市,岡山區,820高雄市岡山區岡山北路152號,07-6245599,07-6244041,29,,,820,120.280329,22.812664,236
237,237,旅館,,花鄉旅館大寮店,高雄市,大寮區,831高雄市大寮區翁園里光明路三段397號,07-7813752,07-7198221,29,kin.leng@msa.hinet.net,,831,120.411948,22.622276,237
238,238,旅館,,御宿汽車旅館明誠館,高雄市,鼓山區,804高雄市鼓山區龍勝路333號,07-5505501,07-5505501,28,royal2240022@yahoo.com.tw,,804,120.295775,22.660951,238
239,239,旅館,,金銀島汽車旅館-仁武店,高雄市,仁武區,814高雄市仁武區大灣里大豐街51號,07-3723200,07-3743873,28,kin.leng@msa.hinet.net,,814,120.337093,22.675493,239
240,240,旅館,,歐閣精品汽車旅館-鳳山館,高雄市,鳳山區,830高雄市鳳山區過埤路127號,07-7923992,07-7923906,28,,,830,120.364785,22.589493,240
241,241,旅館,,藏玉精品旅館,高雄市,岡山區,820高雄市岡山區中山北路202號,07-6229999,07-6235922,28,royal.secret@msa.hinet.net,http://www.royalsecretmotel.com.tw,820,120.296165,22.7987821,241
242,242,旅館,,威尼斯汽車旅館,高雄市,苓雅區,802高雄市苓雅區學源街40號,07-9665858,07-9667000,28,venicemotel@gmail.com,http://www.venicemotel.com.tw/,802,120.315253,22.61979,242
243,243,旅館,,薩維思酒店,高雄市,前金區,801高雄市前金區五福三路38號,07-5503623,07-5505125,28,,,801,120.2998831,22.6228557,243
244,244,旅館,,新崛江商旅,高雄市,苓雅區,802高雄市苓雅區林森二路73號1-8樓,07-3386238,07-3389370,27,belle.huang@dunqian.tw,http://newrisehotel.com/,802,120.306339,22.620599,244
245,245,旅館,,鴻來商務旅館,高雄市,三民區,807高雄市三民區河北二路100號6樓,07-2852526,07-2852023,27,,,807,120.297916,22.636593,245
246,246,旅館,,歐美商務汽車旅館,高雄市,湖內區,829高雄市湖內區葉厝里湖中路460巷26號,07-6998178,07-6997299,27,,,829,120.214586,22.9061072,246
247,247,旅館,,湖畔汽車旅館,高雄市,鳥松區,833高雄市鳥松區鳥松里忠孝路21號,07-7352988,07-7352978,27,,,833,120.3631673,22.6577802,247
248,248,旅館,,儂來旅館,高雄市,新興區,800高雄市新興區林森一路267號3樓,07-2364747,07-2379044,26,Nonlai168@yahoo.com.tw,,800,120.304984,22.636274,248
249,249,旅館,,麗池汽車旅館,高雄市,左營區,813高雄市左營區重義路11號1-2樓,07-3459677,07-3459677,26,,,813,120.313167,22.685536,249
250,250,旅館,,御宿汽車旅館楠梓館,高雄市,楠梓區,811高雄市楠梓區興西路145號,07-3516699,07-3516699,26,royal2240022@yahoo.com.tw,,811,120.333224,22.728522,250
251,251,旅館,,博愛春風時尚旅館,高雄市,左營區,813高雄市左營區重上街117號,07-3453758,07-3452792,26,,,813,120.305439,22.675474,251
252,252,旅館,,假期汽車旅館,高雄市,大社區,815高雄市大社區保舍里保舍甲路98號,07-3523333,-,26,,,815,120.347652,22.746215,252
253,253,旅館,,花鄉戀館楠梓店,高雄市,楠梓區,811高雄市楠梓區興泰街55號,07-3659921,07-3659068,26,kin.leng@msa.hinet.net,,811,120.2848873,22.7164367,253
254,254,旅館,,捷舍環保文旅,高雄市,新興區,800高雄市新興區中山一路240號11樓之1至3、5至12、16,07-2361666,07-2361690,26,merryseasons@gmail.com,http://www.seasonsgroup.com.tw/r10hotel/,800,120.3540771,22.6160742,254
255,255,旅館,,賀凱大旅社,高雄市,林園區,832高雄市林園區東林里林園北路70巷3號,07-6412824,-,25,,,832,120.395911,22.505103,255
256,256,旅館,,楓墅汽車商務旅館,高雄市,岡山區,820高雄市岡山區本洲里本工三路1號,07-6242255,07-6243355,25,mv.motel@msa.hinet.net,,820,120.2751537,22.8092115,256
257,257,旅館,,萬酈精品旅館,高雄市,三民區,807高雄市三民區河北二路100號5樓,07-2857333,07-2865833,25,,,807,120.2976901,22.63667,257
258,258,旅館,,慕夏Motel,高雄市,苓雅區,802高雄市苓雅區身修路2號,07-7171668,07-7171549,24,fg6322@gmail.com,,802,120.328965,22.63002,258
259,259,旅館,,華城大旅社,高雄市,楠梓區,811高雄市楠梓區加昌路273-2號,07-3612670,-,24,,,811,120.313131,22.72087,259
260,260,旅館,,花鄉商旅左營館,高雄市,左營區,813高雄市左營區左營大路22號5-7樓,07-5882797,07-5880455,24,kin.leng@msa.hinet.net,http://www.kin-lengmotel.com.tw/,813,120.288109,22.680835,260
261,261,旅館,,日光河堤時尚旅店,高雄市,前金區,801高雄市前金區光復二街191號,07-2411177,07-2411176,24,riverbankhotel1@gmail.com,,801,120.291204,22.62202,261
262,262,旅館,,愛菲爾汽車旅館,高雄市,湖內區,829高雄市湖內區湖東里中山路一段143-1號,07-6937988,07-6937998,24,,,829,120.2496335,22.8782584,262
263,263,旅館,,林圓商務汽車旅館,高雄市,林園區,"832高雄市林園區東林里沿海路二段28,30號",07-6419696,07-6423131,24,merryseasons@gmail.com,,832,120.399655,22.501119,263
264,264,旅館,,春吉大旅社,高雄市,旗山區,842高雄市旗山區復新東街6號,07-6613816,-,24,,,842,120.4834731,22.8849129,264
265,265,旅館,,冒煙的喬就是公寓旅店,高雄市,鹽埕區,803高雄市鹽埕區五福四路91號2至5樓,07-5210987,07-5215688,24,joes-service@smokeyjoes-hotel.com.tw,http://www.smokeyjoes-hotel.com.tw/yancheng/,803,120.285661,22.622343,265
266,266,旅館,,旅捷商務旅館,高雄市,苓雅區,802高雄市苓雅區三多四路63號17樓之5,0932-551620,-,24,ljhotel9@gmail.com,,802,120.301689,22.613098,266
267,267,旅館,,八五亞太旅店,高雄市,苓雅區,802高雄市苓雅區三多四路63號17樓之2、之3,0930-056780,-,24,lovekh168@yahoo.com,,802,120.2997868,22.6126428,267
268,268,旅館,,月緹旅館,高雄市,左營區,813高雄市左營區高雄市左營區新慶路20巷22號2至7樓,0905-185599,-,24,m7465123@gmail.com,,813,120.298394,22.670094,268
269,269,旅館,,鮪魚家族飯店鹽埕館,高雄市,鹽埕區,"803高雄市鹽埕區莒光街198,200號1-7樓",07-5215477,07-5215465,23,bigeye_reception@fishhotel.com.tw,,803,120.285324,22.624546,269
270,270,旅館,,花鄉戀館-大昌店,高雄市,三民區,807高雄市三民區皓東路78號,07-3816800,07-3955735,23,kin.leng@msa.hinet.net,,807,120.332972,22.64818,270
271,271,旅館,,璟宸商務旅館,高雄市,楠梓區,811高雄市楠梓區隆昌里軍校路800號8樓,07-3651333,07-3633300,23,jingchen.hotel@gmail.com,,811,120.292694,22.710474,271
272,272,旅館,,凱麗賓館,高雄市,岡山區,820高雄市岡山區民有路1號9-12樓,07-6232563-5,07-6232128,23,,,820,120.299077,22.792332,272
273,273,旅館,,藝宿家客棧,高雄市,新興區,800高雄市新興區自立一路66之6號5樓,07-2850995,07-2850995,22,,,800,120.297294,22.63588,273
274,274,旅館,,陽明汽車旅館,高雄市,三民區,807高雄市三民區褒揚街189號,07-3891197,07-3964565,22,merryseasons@gmail.com,,807,120.340454,22.640985,274
275,275,旅館,,薇風情汽車旅館,高雄市,三民區,807高雄市三民區自由一路179號,07-3236635,07-3236519,22,motel.w5688@yahoo.com.tw,http://www.wemotel.com.tw/,807,120.308911,22.648967,275
276,276,旅館,,亞歷山大汽車旅館,高雄市,鳳山區,830高雄市鳳山區華興街2號,07-7217000,07-7519874,22,a0925957759@gmail.com,,830,120.336277,22.602665,276
277,277,旅館,,NL概念商旅,高雄市,鳳山區,830高雄市鳳山區鳳山區文衡路18號,07-7462536,07-7903035,22,world.hotel@msa.hinet.net,http://www.nlconcepthotel.com.tw,830,120.358002,22.632636,277
278,278,旅館,,華賓大旅社,高雄市,三民區,807高雄市三民區南華路221號,07-2358800,07-2350975,21,happyhotel2009@yahoo.com.tw,http://www.happyhotel.com.tw,807,120.303522,22.636845,278
279,279,旅館,,西子灣汽車旅館,高雄市,鳳山區,830高雄市鳳山區和平路36號,07-7482220,07-7429222,21,,,830,120.35959,22.632009,279
280,280,旅館,,花鄉商旅,高雄市,左營區,813高雄市左營區左營大路22號2-4樓,07-5882797,07-5880455,21,kin.leng@msa.hinet.net,,813,120.288109,22.680836,280
281,281,旅館,,華大大飯店,高雄市,新興區,800高雄市新興區六合一路158號7至8樓,07-2352352,-,21,peitsan@yahoo.com,,800,120.3034181,22.633074,281
282,282,旅館,,美麗道商旅,高雄市,新興區,800高雄市新興區中正三路99-2號,07-2161999,07-2162999,21,beautyavenueinn@gmail.com,,800,120.306877,22.63114,282
283,283,旅館,,秧秧微旅,高雄市,新興區,800高雄市新興區中山一路14號12樓,07-2315020,07-2315115,21,jezreelinn@gmail.com,http://www.fscebook.com/JezreelinnJI/,800,120.3017,22.626335,283
284,284,旅館,,中和旅社,高雄市,三民區,807高雄市三民區建國三路41號,07-2863436,-,20,,,807,120.30118,22.637551,284
285,285,旅館,,輕旅宿商務旅館,高雄市,苓雅區,802高雄市苓雅區新光路26-4號,07-3320188,07-3329779,20,travelyoung888@gmail.com,http://www.tyhotel.com.tw,802,120.303466,22.612055,285
286,286,旅館,,高源大旅社,高雄市,三民區,807高雄市三民區南華路225號,07-2357101,-,20,,,807,120.303512,22.636933,286
287,287,旅館,,城都大旅社,高雄市,左營區,813高雄市左營區左營大路442巷8號,07-5815066,-,20,,,813,120.294046,22.687732,287
288,288,旅館,,麗馨麗登精品商旅,高雄市,鳳山區,830高雄市鳳山區曹公路77號,07-7462128,07-7462129,20,hsaio2003@gmail.com,,830,120.357087,22.629618,288
289,289,旅館,,麗都大旅社,高雄市,鳳山區,830高雄市鳳山區五甲一路86號,07-7465026,-,20,,,830,120.357065,22.621184,289
290,290,旅館,,艾旅汽車旅館,高雄市,鳳山區,830高雄市鳳山區鳳東路165號,07-7013030,07-7026161,20,,,830,120.378163,22.625894,290
291,291,旅館,,風車時尚汽車旅店,高雄市,三民區,807高雄市三民區民禮路50號,07-3863009,07-3861901,20,windmill009@yahoo.com.tw,,807,120.3439113,22.63957956,291
292,292,旅館,,三多四季環保商旅,高雄市,苓雅區,802高雄市苓雅區文橫二路6號12樓之1~19,07-3317979,07-3315757,20,merryseasons@gmail.com,,802,120.306724,22.615428,292
293,293,旅館,,德瑞旅店,高雄市,左營區,813高雄市左營區左營大路646號,07-5820135,07-5820130,19,directhotel168@gmail.com,,813,120.297661,22.691401,293
294,294,旅館,,高雄港區-棧貳沐居,高雄市,鼓山區,804高雄市鼓山區蓬萊路17號2樓西側,07-5317568,07-5511599,19,kpldservice@kpld.com.tw,https://www.kw2.com.tw/,804,120.2770099,22.6190001,294
295,295,旅館,,愛迪亞旅社,高雄市,前金區,801高雄市前金區新盛一街53號之1至之3,07-2864343,07-2417681,18,,,801,120.295969,22.631711,295
296,296,旅館,,安迪旅館,高雄市,大寮區,831高雄市大寮區周廣街5號,07-7882933,-,18,andyhotel168@gmail.com,,831,120.4169136,22.5902196,296
297,297,旅館,,馨悅旅館,高雄市,前金區,801高雄市前金區五福三路61號6樓之2,07-2012233,07-2216521,18,glong2233@hotmail.com.tw,,801,120.297077,22.621619,297
298,298,旅館,,樂逸旅居-七賢館,高雄市,新興區,800高雄市新興區七賢一路513號1至7樓,07-2369818,07-2369718,18,service@lainn.com.tw,http://www.lainn.com.tw/,800,120.30326,22.63443,298
299,299,旅館,,萬隆大旅社,高雄市,左營區,813高雄市左營區左營大路16號之2,07-5836741,-,17,,,813,120.287693,22.680383,299
300,300,旅館,,慕晨旅店,高雄市,前金區,801高雄市前金區六合二路160號8樓,07-2726608,07-2725608,17,funhousekhh@gmail.com,,801,120.294647,22.630682,300
301,301,旅館,,星行旅,高雄市,新興區,800高雄市新興區六合一路182號2至4樓,07-2363555,-,17,,,800,120.302622,22.633174,301
302,302,旅館,,名美商務旅館,高雄市,三民區,807高雄市三民區高雄市三民區建國二路255號7~8樓,07-2351488,-,17,,,807,120.304297,22.637418,302
303,303,旅館,,旅悅國際青年旅館,高雄市,前鎮區,806高雄市前鎮區三多三路211號3樓及4樓,0975-928000,-,17,dwell.hostel@gmail.com,https://book-directonline.com/properties/dwellhosteldirect,806,120.3070436,22.6146193,303
304,304,旅館,,萬美賓館,高雄市,左營區,813高雄市左營區左營大路14-9號,07-5825888,-,16,,,813,120.287655,22.680258,304
305,305,旅館,,六合宿旅店,高雄市,新興區,"800高雄市新興區六合二路10,12號12樓",07-2850077,07-2882457,16,liuhesu.manager@gmail.com,,800,120.301564,22.63297,305
306,306,旅館,,富都大旅社,高雄市,鳳山區,830高雄市鳳山區曹公路115號,07-7462607,-,16,,,830,120.357304,22.630485,306
307,307,旅館,,六合大旅社二館,高雄市,新興區,800高雄市新興區六合二路28號1-5樓,07-2867161,07-2859220,16,sunnysidehotel@hotmail.com.tw,http://www.sunnysidehotel.com.tw,800,120.300964,22.632863,307
308,308,旅館,,金都旅社,高雄市,三民區,807高雄市三民區河北二路55號,07-2873161,-,15,,,807,120.299403,22.637044,308
309,309,旅館,,華納不只是旅館-自立店,高雄市,三民區,807高雄市三民區自立一路323號,07-3123222,07-3130110,15,,,807,120.296446,22.644541,309
310,310,旅館,,良辰吉時精品旅店,高雄市,前金區,801高雄市前金區六合二路160號7樓,07-2411777,07-2413771,15,TheAuspiciousBoutiqueHotel@yahoo.com.tw,https://www.taiwanstay.net.tw/tourism_web/index.php,801,120.294647,22.630681,310
311,311,旅館,,光華大旅社,高雄市,岡山區,820高雄市岡山區嘉新西路75號,07-6217635,-,15,a0936122105@gmail.com,,820,120.293071,22.8020372,311
312,312,旅館,,藍天商務旅館,高雄市,苓雅區,802高雄市苓雅區自強三路5號14樓之1、2、3、5、 6、7、8、9、10、11、12、13、14、21、22、23,07-5665112,-,15,bluesky0928688738@gmail.com,,802,120.300266,22.6117288,312
313,313,旅館,,鶴宮寓,高雄市,新興區,800高雄市新興區中正四路41號2~4樓,07-2011988,-,15,mail@hokhouse.com,https://hokhouse.com/,800,120.300394,22.630764,313
314,314,旅館,,悅來居旅店,高雄市,三民區,807高雄市三民區建國三路40號,07-2883173,-,14,happystay1215@gmail.com,http://https://153509148080.web.fullinn.tw,807,120.300363,22.637942,314
315,315,旅館,,永富大旅社,高雄市,鳳山區,830高雄市鳳山區忠義街14號,07-7463413,-,14,,,830,120.35576,22.627979,315
316,316,旅館,,宗山旅社,高雄市,六龜區,844高雄市六龜區義寶里太平路60號,07-6892777,-,14,,,844,120.636307,22.995397,316
317,317,旅館,,新棋大旅社,高雄市,鳳山區,830高雄市鳳山區錦田路226號,07-8217407,-,14,,,830,120.331295,22.595137,317
318,318,旅館,,和源大旅社,高雄市,岡山區,820高雄市岡山區岡山路390號,07-6217143,-,14,,,820,120.2958526,22.7948049,318
319,319,旅館,,吉娃娃商務旅館,高雄市,新興區,800高雄市新興區六合一路158號10樓,07-2350756,07-2350755,14,gwawa5858@gmail.com,http://www.gwawa.com.tw,800,120.303092,22.633174,319
320,320,旅館,,碧港良居商旅,高雄市,鼓山區,804高雄市鼓山區哨船街31號,07-5331336,07-5331226,14,service@watermarkhotel.com.tw,http://watermarkhotel.com.tw,804,120.268658,22.618631,320
321,321,旅館,,美麗島庭園旅宿,高雄市,新興區,800高雄市新興區六合一路158號4樓,07-2367996,07-2360347,14,asiahsu@hotmail.com,,800,120.303256,22.633005,321
322,322,旅館,,繽紛樂旅店,高雄市,苓雅區,802高雄市苓雅區三多四路63號7樓之7,0968-223000,-,14,loruning@gmail.com,http://colorfuninn.win/,802,120.301711,22.613163,322
323,323,旅館,,全龍旅社,高雄市,甲仙區,847高雄市甲仙區東安里文化路23號,07-6751602,-,13,shuiu4@gmail.com,,847,120.589939,23.081898,323
324,324,旅館,,紙飛機青年旅館,高雄市,三民區,807高雄市三民區博愛一路287號10樓,0968-500985,-,13,pphosteltw@gmail.com,,807,120.3008733,22.649068,324
325,325,旅館,,藍海旅館,高雄市,新興區,800高雄市新興區民主橫路11號1至3樓,07-2855568,-,13,,,800,120.301123,22.633261,325
326,326,旅館,,芳賓大旅社,高雄市,三民區,807高雄市三民區河北二路2號,07-2883181,-,12,,,807,120.301893,22.636899,326
327,327,旅館,,國泰旅社,高雄市,左營區,813高雄市左營區左營大路401巷33弄10號,07-5822592,-,12,,,813,120.292644,22.688767,327
328,328,旅館,,高興大旅社,高雄市,鳳山區,830高雄市鳳山區五甲一路37號,07-7463232,-,12,gnchieh@gmail.com,https://taiwanstay.net.tw/room/8550,830,120.358048,22.621603,328
329,329,旅館,,碧宮旅社,高雄市,甲仙區,847高雄市甲仙區東安里文化南路18號,07-6751229,-,12,42huayean@gmail.com,,847,120.589684,23.081859,329
330,330,旅館,,美興大旅社,高雄市,美濃區,843高雄市美濃區中山路一段49號,07-6812102,-,12,,,843,120.540203,22.901451,330
331,331,旅館,,東明旅館,高雄市,六龜區,844高雄市六龜區義寶里太平路26號,07-6891001,-,12,,,844,120.63569,22.99552,331
332,332,旅館,,旅聚居青年旅舍,高雄市,新興區,800高雄市新興區中山一路117號6樓,07-2851231,-,12,tripggkh@gmail.com,,800,120.301237,22.631603,332
333,333,旅館,,愛河日央,高雄市,鹽埕區,803高雄市鹽埕區七賢二路423號3樓-1、4樓-1,0963-147586,-,12,,,803,120.285715,22.6297058,333
334,334,旅館,,橙屋商旅,高雄市,小港區,812高雄市小港區大業北路300號,07-8012266,07-8063149,12,,http://www.ohouse296.com.tw/about.php,812,120.348139,22.563437,334
335,335,旅館,,靉嗨文旅站前館,高雄市,新興區,800高雄市新興區六合二路10號7樓,07-2850077,-,12,liuhesu0906758199@gmail.com,https://booking.owlting.com/httpssites.google.comviewdouble-t-hotel?start=2022-08-23&end=2022-08-24&lang=zh_TW&adult=1&child=0&infant=0,800,120.3015681,22.633011,335
336,336,旅館,,靉嗨文旅美麗島館,高雄市,新興區,800高雄市新興區六合二路10號10樓,07-2850077,-,12,,,800,120.3015681,22.633011,336
337,337,旅館,,美麗島音樂城商旅,高雄市,新興區,800高雄市新興區六合二路10號9樓,0907-096188,07-5365595,12,musiccity0926@gmail.com,https://153474955736.web.fullinn.tw,800,120.3015681,22.633011,337
338,338,旅館,,富賓大旅社,高雄市,湖內區,829高雄市湖內區湖內里中山路一段62號,07-6932463,-,11,,,829,120.252269,22.877915,338
339,339,旅館,,佛光山大旅社,高雄市,大樹區,840高雄市大樹區興田里興田路116-2號,07-6563577,-,11,,,840,120.448098,22.747162,339
340,340,旅館,,高芳大旅社,高雄市,前鎮區,806高雄市前鎮區瑞和街272號,07-7615171,07-7615172,10,hfun077615171@gmail.com,http://maybenas.myds.me/HFun/,806,120.326107,22.60535,340
341,341,旅館,,亞泰賓館,高雄市,楠梓區,811高雄市楠梓區建楠路139號12樓,07-3533157,-,10,,,811,120.326868,22.726835,341
342,342,旅館,,大成旅社,高雄市,大樹區,840高雄市大樹區檨子腳里中興北路90號,0915-796211,-,10,,,840,120.433073,22.692418,342
343,343,旅館,,永傑旅館,高雄市,大寮區,831高雄市大寮區中庄里仁愛路126號,07-7012021,-,10,,http://taiwan.net.tw/m1.aspx?sno=0000112&id=11180131,831,120.3950246,22.63454717,343
344,344,旅館,,世奇商旅,高雄市,左營區,813高雄市左營區裕誠路450號,07-8025566,07-8039966,10,jcw888888@yahoo.com.tw,,813,120.304762,22.665868,344
345,345,旅館,,弘州商務旅館,高雄市,林園區,832高雄市林園區東林西路105巷11號,07-6438889,07-6423564,10,,,832,120.395544,22.503835,345
346,346,旅館,,雲海精品旅館,高雄市,苓雅區,802高雄市苓雅區自強三路5號13樓之1、2、3、5、6、7、8、9、11,0975-766785,07-5666562,10,85blueocean@gmail.com,http://www.85blueocean.com/,802,120.300266,22.6117288,346
347,347,旅館,,寓旅宿,高雄市,苓雅區,802高雄市苓雅區自強三路94號,07-2696985,07-2696225,9,apatohome94@gmail.com,,802,120.299825,22.614042,347
348,348,旅館,,多野樂旅館,高雄市,楠梓區,811高雄市楠梓區興楠路385號2-6樓,07-3510222,07-3517222,9,service@dogether.com.tw,http://www.dogether.com.tw/,811,120.3309793,22.7285328,348
349,349,旅館,,宜三弄旅宿,高雄市,新興區,800高雄市新興區六合一路158號9樓之1,07-9713737,-,9,,,800,120.3034181,22.6330741,349
350,350,旅館,,東方大旅社,高雄市,湖內區,829高雄市湖內區湖內里民生街26號,07-6932047,-,8,,,829,120.2507545,22.87841085,350
351,351,旅館,,背包客四一旅館,高雄市,苓雅區,"802高雄市苓雅區四維三路261巷37,39號1-4樓",0952-612212,07-3380321,8,service@kaobp41.com,,802,120.304362,22.616135,351
352,352,旅館,,遊大俠旅店,高雄市,新興區,800高雄市新興區中正三路128號,07-2360677,-,8,master.chitow@gmail.com,,800,120.305155,22.631393,352
353,353,旅館,,美麗島福憩旅店,高雄市,新興區,800高雄市新興區六合二路10號11樓,0906-871011,-,8,hotelblessing@gmail.com,https://160491559483.web.fullinn.tw/,800,120.3015681,22.633011,353
354,354,旅館,,天安大飯店,高雄市,三民區,807高雄市三民區博愛一路1號4樓,07-3122131,07-3111886,7,,,807,120.302698,22.64148,354
355,355,旅館,,大樹旅社,高雄市,大樹區,840高雄市大樹區檨子腳里中興北路88號,07-6512105,-,7,,,840,120.433052,22.692381,355
356,356,旅館,,嘉一大旅社,高雄市,林園區,832高雄市林園區文賢里康樂街39號,07-6412042,-,7,,,832,120.393976,22.503102,356
357,357,旅館,,新光商務旅館,高雄市,路竹區,821高雄市路竹區文化路157號4樓,07-6076777,-,7,,,821,120.2563999,22.8584713,357
358,358,旅館,,蚵寮商務旅館,高雄市,梓官區,826高雄市梓官區中正五街22-1號3樓,07-6176565,07-6178858,7,,,826,120.256171,22.72827,358
359,359,旅館,,六合社中鴨家青年旅館,高雄市,新興區,800高雄市新興區黎明里六合一路158號5樓,07-2352638,07-2352639,7,ahiruya@hotmail.co.jp,http://www.ahiruyah.com,800,120.30334,22.633045,359
360,360,旅館,,日宏大旅社,高雄市,前鎮區,806高雄市前鎮區天后街13號1-3樓,07-8316709,-,6,,,806,120.322893,22.572165,360
361,361,旅館,,心園旅社,高雄市,湖內區,829高雄市湖內區湖內里中山路一段59號,07-6938352,-,6,,,829,120.252263,22.878029,361
362,362,旅館,,永美旅社,高雄市,橋頭區,825高雄市橋頭區橋頭里站前街16號,07-6113558,-,6,,,825,120.310482,22.759918,362
363,363,旅館,,大明大旅社,高雄市,鳳山區,830高雄市鳳山區海洋一路40號,07-7658999,-,6,,,830,120.342629,22.60976,363
364,364,旅館,,仁龍商務旅館,高雄市,仁武區,814高雄市仁武區京吉二路171號2樓,07-3730337,-,6,,,814,120.3408492,22.68255219,364
365,365,旅館,,摩天海灣商旅,高雄市,前鎮區,806高雄市前鎮區新光路21號21樓之7至12,07-5366227,-,6,mbhotel888@gmail.com,https://www.sunshinegarden.com.tw/products-21.html,806,120.304611,22.611582,365
366,366,旅館,,勝吉旅社,高雄市,阿蓮區,822高雄市阿蓮區峰山里峰南路5號,07-6313937,-,5,,,822,120.356072,22.874448,366
367,367,旅館,,蓮潭八零八旅店,高雄市,左營區,813高雄市左營區大中二路808、810、812號15樓,09-75709808,-,5,,,813,120.3034399,22.6862091,367
368,368,旅館,,適達星旅店,高雄市,新興區,"800高雄市新興區南華橫一路14號1樓,夾層,2樓",07-2352687,-,4,,,800,120.304088,22.633686,368
369,369,旅館,,長興大旅社,高雄市,湖內區,829高雄市湖內區中正路二段551號,07-6900729,-,3,,,829,120.1975082,22.91084976,369
370,370,旅館,,敲敲門青旅,高雄市,三民區,807高雄市三民區察哈爾二街7巷8號,0956-338760,-,3,knockhostel2014@hotmail.com,https://www.facebook.com/knockknockhostel/?epa=SEARCH_BOX,807,120.302544,22.647386,370
371,371,旅館,,馥寓蓮潭旅居,高雄市,左營區,813高雄市左營區大中二路816、818、820號15樓,07-5884115,-,3,,,813,120.3036915,22.6859699,371
372,372,旅館,,大鳳商務旅館,高雄市,大寮區,831高雄市大寮區鳳林三路357號3樓,07-7818822,-,1,,,831,120.397413,22.602051,372
