紀錄編號,取餐方式,日別,等待分鐘
現場平日01,現場,平日,2
現場平日02,現場,平日,3
現場平日03,現場,平日,4
現場平日04,現場,平日,4
現場平日05,現場,平日,5
現場平日06,現場,平日,5
現場平日07,現場,平日,6
現場平日08,現場,平日,8
現場假日01,現場,假日,4
現場假日02,現場,假日,5
現場假日03,現場,假日,6
現場假日04,現場,假日,8
現場假日05,現場,假日,10
現場假日06,現場,假日,12
現場假日07,現場,假日,15
現場假日08,現場,假日,18
預訂平日01,預訂,平日,1
預訂平日02,預訂,平日,1
預訂平日03,預訂,平日,2
預訂平日04,預訂,平日,2
預訂平日05,預訂,平日,3
預訂平日06,預訂,平日,3
預訂平日07,預訂,平日,4
預訂平日08,預訂,平日,5
預訂假日01,預訂,假日,1
預訂假日02,預訂,假日,2
預訂假日03,預訂,假日,3
預訂假日04,預訂,假日,4
預訂假日05,預訂,假日,4
預訂假日06,預訂,假日,5
預訂假日07,預訂,假日,6
預訂假日08,預訂,假日,10
