紀錄編號,交通方式,分鐘
走路到教室01,走路到教室,10
走路到教室02,走路到教室,12
走路到教室03,走路到教室,13
走路到教室04,走路到教室,14
走路到教室05,走路到教室,15
走路到教室06,走路到教室,15
走路到教室07,走路到教室,16
走路到教室08,走路到教室,18
騎車含找停車位01,騎車含找停車位,8
騎車含找停車位02,騎車含找停車位,10
騎車含找停車位03,騎車含找停車位,12
騎車含找停車位04,騎車含找停車位,15
騎車含找停車位05,騎車含找停車位,18
騎車含找停車位06,騎車含找停車位,20
騎車含找停車位07,騎車含找停車位,25
騎車含找停車位08,騎車含找停車位,40
公車含步行轉乘01,公車含步行轉乘,15
公車含步行轉乘02,公車含步行轉乘,20
公車含步行轉乘03,公車含步行轉乘,25
公車含步行轉乘04,公車含步行轉乘,30
公車含步行轉乘05,公車含步行轉乘,35
公車含步行轉乘06,公車含步行轉乘,40
公車含步行轉乘07,公車含步行轉乘,50
公車含步行轉乘08,公車含步行轉乘,60
捷運含步行轉乘01,捷運含步行轉乘,18
捷運含步行轉乘02,捷運含步行轉乘,20
捷運含步行轉乘03,捷運含步行轉乘,22
捷運含步行轉乘04,捷運含步行轉乘,24
捷運含步行轉乘05,捷運含步行轉乘,26
捷運含步行轉乘06,捷運含步行轉乘,28
捷運含步行轉乘07,捷運含步行轉乘,30
捷運含步行轉乘08,捷運含步行轉乘,32
