紀錄編號,門市,時段,分鐘
車站店早上01,車站店,早上,1
車站店早上02,車站店,早上,2
車站店早上03,車站店,早上,2
車站店早上04,車站店,早上,3
車站店早上05,車站店,早上,3
車站店早上06,車站店,早上,4
車站店早上07,車站店,早上,4
車站店早上08,車站店,早上,5
車站店早上09,車站店,早上,6
車站店早上10,車站店,早上,8
車站店傍晚01,車站店,傍晚,2
車站店傍晚02,車站店,傍晚,3
車站店傍晚03,車站店,傍晚,4
車站店傍晚04,車站店,傍晚,5
車站店傍晚05,車站店,傍晚,6
車站店傍晚06,車站店,傍晚,7
車站店傍晚07,車站店,傍晚,8
車站店傍晚08,車站店,傍晚,10
車站店傍晚09,車站店,傍晚,12
車站店傍晚10,車站店,傍晚,18
社區店早上01,社區店,早上,1
社區店早上02,社區店,早上,1
社區店早上03,社區店,早上,2
社區店早上04,社區店,早上,2
社區店早上05,社區店,早上,2
社區店早上06,社區店,早上,3
社區店早上07,社區店,早上,3
社區店早上08,社區店,早上,4
社區店早上09,社區店,早上,4
社區店早上10,社區店,早上,5
社區店傍晚01,社區店,傍晚,1
社區店傍晚02,社區店,傍晚,2
社區店傍晚03,社區店,傍晚,2
社區店傍晚04,社區店,傍晚,3
社區店傍晚05,社區店,傍晚,3
社區店傍晚06,社區店,傍晚,4
社區店傍晚07,社區店,傍晚,5
社區店傍晚08,社區店,傍晚,6
社區店傍晚09,社區店,傍晚,7
社區店傍晚10,社區店,傍晚,10
