訂單編號,天氣,時段,距離公里,等待分鐘,餐點份數,付款金額
D01,晴天,下午離峰,0.8,16,1,135
D02,晴天,午餐尖峰,1.5,24,4,435
D03,晴天,下午離峰,2.2,24,2,235
D04,晴天,午餐尖峰,2.9,32,5,535
D05,晴天,下午離峰,3.6,27,3,335
D06,晴天,午餐尖峰,4.3,35,1,135
D07,晴天,下午離峰,1.0,19,4,435
D08,晴天,午餐尖峰,1.7,27,2,235
D09,晴天,下午離峰,2.4,23,5,535
D10,晴天,午餐尖峰,3.1,30,3,335
D11,晴天,下午離峰,3.8,30,1,135
D12,晴天,午餐尖峰,4.5,38,4,435
D13,陰天,下午離峰,0.8,21,2,240
D14,陰天,午餐尖峰,1.5,29,5,540
D15,陰天,下午離峰,2.2,29,3,340
D16,陰天,午餐尖峰,2.9,37,1,140
D17,陰天,下午離峰,3.6,32,4,440
D18,陰天,午餐尖峰,4.3,40,2,240
D19,陰天,下午離峰,1.0,24,5,540
D20,陰天,午餐尖峰,1.7,32,3,340
D21,陰天,下午離峰,2.4,28,1,140
D22,陰天,午餐尖峰,3.1,35,4,440
D23,陰天,下午離峰,3.8,35,2,240
D24,陰天,午餐尖峰,4.5,43,5,540
D25,雨天,下午離峰,0.8,26,3,345
D26,雨天,午餐尖峰,1.5,34,1,145
D27,雨天,下午離峰,2.2,34,4,445
D28,雨天,午餐尖峰,2.9,42,2,245
D29,雨天,下午離峰,3.6,37,5,545
D30,雨天,午餐尖峰,4.3,45,3,345
D31,雨天,下午離峰,1.0,29,1,145
D32,雨天,午餐尖峰,1.7,37,4,445
D33,雨天,下午離峰,2.4,33,2,245
D34,雨天,午餐尖峰,3.1,40,5,545
D35,雨天,下午離峰,3.8,40,3,345
D36,雨天,午餐尖峰,4.5,48,1,145
